prolific_id,time,prop,context,status,player,x1status,x2status,x3context,xtime,counts,d2_x1statushi,d2_x2statushi,d2_x1statuslo,d2_x2statuslo,d2_x1statuscon,d2_x2statuscon,d2_x3context_t,d2_x3context_s
5bb6645cc9fbd80001039726,post,0.5,social,high,1,1,1,-1,1,FALSE,0,0,2,0,1,3,-2,0
5bb6645cc9fbd80001039726,pre,0.25,social,high,1,1,1,-1,-1,TRUE,0,0,2,0,1,3,-2,0
5f5ca0c252e427494c865f79,post,0.2,social,high,1,1,1,-1,1,FALSE,0,0,2,0,1,3,-2,0
5f5ca0c252e427494c865f79,pre,0.3333333333333333,social,high,1,1,1,-1,-1,TRUE,0,0,2,0,1,3,-2,0
60205d8a88ba9165dda2b151,post,0.1111111111111111,social,high,1,1,1,-1,1,FALSE,0,0,2,0,1,3,-2,0
60205d8a88ba9165dda2b151,pre,0.2222222222222222,social,high,1,1,1,-1,-1,TRUE,0,0,2,0,1,3,-2,0
60612fd306d3d8c7475ece13,pre,0.18181818181818182,social,high,1,1,1,-1,-1,TRUE,0,0,2,0,1,3,-2,0
60612fd306d3d8c7475ece13,post,0.52,social,high,1,1,1,-1,1,FALSE,0,0,2,0,1,3,-2,0
60ad148879b3d5d9d26895ad,post,0.5,social,high,1,1,1,-1,1,FALSE,0,0,2,0,1,3,-2,0
60ad148879b3d5d9d26895ad,pre,0.14285714285714285,social,high,1,1,1,-1,-1,TRUE,0,0,2,0,1,3,-2,0
60ce0a6c4c63973175fc8ff5,post,0.3333333333333333,social,high,1,1,1,-1,1,FALSE,0,0,2,0,1,3,-2,0
60ce0a6c4c63973175fc8ff5,pre,0.6666666666666666,social,high,1,1,1,-1,-1,TRUE,0,0,2,0,1,3,-2,0
60d76cce59eae3386c827330,post,0.3076923076923077,social,high,1,1,1,-1,1,FALSE,0,0,2,0,1,3,-2,0
60d76cce59eae3386c827330,pre,0.2857142857142857,social,high,1,1,1,-1,-1,TRUE,0,0,2,0,1,3,-2,0
60ec0b638c0357cc5aaa7ef9,pre,0.5,social,high,1,1,1,-1,-1,TRUE,0,0,2,0,1,3,-2,0
60ec0b638c0357cc5aaa7ef9,post,0.46153846153846156,social,high,1,1,1,-1,1,FALSE,0,0,2,0,1,3,-2,0
60f4686fa8507f11a68dd08d,post,0.41379310344827586,social,high,1,1,1,-1,1,FALSE,0,0,2,0,1,3,-2,0
60f4686fa8507f11a68dd08d,pre,0.26666666666666666,social,high,1,1,1,-1,-1,TRUE,0,0,2,0,1,3,-2,0
60fc80e73f1c3e9e88ced07f,post,0.3,social,high,1,1,1,-1,1,FALSE,0,0,2,0,1,3,-2,0
60fc80e73f1c3e9e88ced07f,pre,0.2,social,high,1,1,1,-1,-1,TRUE,0,0,2,0,1,3,-2,0
61119d000297adcbddf476ba,post,0.15384615384615385,social,high,1,1,1,-1,1,FALSE,0,0,2,0,1,3,-2,0
61119d000297adcbddf476ba,pre,0.2857142857142857,social,high,1,1,1,-1,-1,TRUE,0,0,2,0,1,3,-2,0
611280d376d6f1af5cbf3b28,post,0.125,social,high,1,1,1,-1,1,FALSE,0,0,2,0,1,3,-2,0
611280d376d6f1af5cbf3b28,pre,0.42857142857142855,social,high,1,1,1,-1,-1,TRUE,0,0,2,0,1,3,-2,0
611a78a867ecfe70a58a091c,post,0.4444444444444444,social,high,1,1,1,-1,1,FALSE,0,0,2,0,1,3,-2,0
611a78a867ecfe70a58a091c,pre,0.5714285714285714,social,high,1,1,1,-1,-1,TRUE,0,0,2,0,1,3,-2,0
611e6967ccf716610ee82d4f,pre,0.25,social,high,1,1,1,-1,-1,TRUE,0,0,2,0,1,3,-2,0
611e6967ccf716610ee82d4f,post,0.42857142857142855,social,high,1,1,1,-1,1,FALSE,0,0,2,0,1,3,-2,0
6124ad762ab26a0c08d2673b,post,0.47058823529411764,social,high,1,1,1,-1,1,FALSE,0,0,2,0,1,3,-2,0
6124ad762ab26a0c08d2673b,pre,0.3333333333333333,social,high,1,1,1,-1,-1,TRUE,0,0,2,0,1,3,-2,0
6124e2a1186597939fe6b56f,pre,0.5,social,high,1,1,1,-1,-1,TRUE,0,0,2,0,1,3,-2,0
6124e2a1186597939fe6b56f,post,0.47368421052631576,social,high,1,1,1,-1,1,FALSE,0,0,2,0,1,3,-2,0
612e35362bcb3d928fb13ff3,post,0.5333333333333333,social,high,1,1,1,-1,1,FALSE,0,0,2,0,1,3,-2,0
612e35362bcb3d928fb13ff3,pre,0.18181818181818182,social,high,1,1,1,-1,-1,TRUE,0,0,2,0,1,3,-2,0
6135ec9fab3a61b528030d20,post,0.4,social,high,1,1,1,-1,1,FALSE,0,0,2,0,1,3,-2,0
6135ec9fab3a61b528030d20,pre,0.2,social,high,1,1,1,-1,-1,TRUE,0,0,2,0,1,3,-2,0
614109b7ef3efe4e692cc724,pre,0.42857142857142855,social,high,1,1,1,-1,-1,TRUE,0,0,2,0,1,3,-2,0
614109b7ef3efe4e692cc724,post,0.625,social,high,1,1,1,-1,1,FALSE,0,0,2,0,1,3,-2,0
61414bbb373e914ccb5cc9e1,pre,0.25,social,high,1,1,1,-1,-1,TRUE,0,0,2,0,1,3,-2,0
61414bbb373e914ccb5cc9e1,post,0.25,social,high,1,1,1,-1,1,FALSE,0,0,2,0,1,3,-2,0
614335e22e40cf0db3aa8f70,post,0.125,social,high,1,1,1,-1,1,FALSE,0,0,2,0,1,3,-2,0
614335e22e40cf0db3aa8f70,pre,0.25,social,high,1,1,1,-1,-1,TRUE,0,0,2,0,1,3,-2,0
6149fb5e58eceb343aee6aa4,pre,0.4,social,high,1,1,1,-1,-1,TRUE,0,0,2,0,1,3,-2,0
6149fb5e58eceb343aee6aa4,post,0.4,social,high,1,1,1,-1,1,FALSE,0,0,2,0,1,3,-2,0
6154ae87f8e46e4407e55b98,post,0.5,social,high,1,1,1,-1,1,FALSE,0,0,2,0,1,3,-2,0
6154ae87f8e46e4407e55b98,pre,0.16666666666666666,social,high,1,1,1,-1,-1,TRUE,0,0,2,0,1,3,-2,0
615876335c174db546bc6bc5,pre,0.25,social,high,1,1,1,-1,-1,TRUE,0,0,2,0,1,3,-2,0
615876335c174db546bc6bc5,post,0.2222222222222222,social,high,1,1,1,-1,1,FALSE,0,0,2,0,1,3,-2,0
615a42e60429e8a5bd4452bc,post,0.2857142857142857,social,high,1,1,1,-1,1,FALSE,0,0,2,0,1,3,-2,0
615a42e60429e8a5bd4452bc,pre,0.4,social,high,1,1,1,-1,-1,TRUE,0,0,2,0,1,3,-2,0
6166b147c933050769aae94a,post,0.2857142857142857,social,high,1,1,1,-1,1,FALSE,0,0,2,0,1,3,-2,0
6166b147c933050769aae94a,pre,0.4,social,high,1,1,1,-1,-1,TRUE,0,0,2,0,1,3,-2,0
6169c20a0f515d6479e22c01,post,0.42857142857142855,social,high,1,1,1,-1,1,FALSE,0,0,2,0,1,3,-2,0
6169c20a0f515d6479e22c01,pre,0.16666666666666666,social,high,1,1,1,-1,-1,TRUE,0,0,2,0,1,3,-2,0
617107eeb2b068b93ade8bcb,pre,0.3333333333333333,social,high,1,1,1,-1,-1,TRUE,0,0,2,0,1,3,-2,0
617107eeb2b068b93ade8bcb,post,0.4666666666666667,social,high,1,1,1,-1,1,FALSE,0,0,2,0,1,3,-2,0
6234a0f41672df2c4660f2b1,post,0.3333333333333333,social,high,1,1,1,-1,1,FALSE,0,0,2,0,1,3,-2,0
6234a0f41672df2c4660f2b1,pre,0.2,social,high,1,1,1,-1,-1,TRUE,0,0,2,0,1,3,-2,0
624e10e161a702342a781a11,post,0.3333333333333333,social,high,1,1,1,-1,1,FALSE,0,0,2,0,1,3,-2,0
624e10e161a702342a781a11,pre,0.16666666666666666,social,high,1,1,1,-1,-1,TRUE,0,0,2,0,1,3,-2,0
6282b5b3b7c24072ccaaaffb,post,0.6,social,high,1,1,1,-1,1,FALSE,0,0,2,0,1,3,-2,0
6282b5b3b7c24072ccaaaffb,pre,0.2,social,high,1,1,1,-1,-1,TRUE,0,0,2,0,1,3,-2,0
6283efc6560ca5762882edc0,post,0.42857142857142855,social,high,1,1,1,-1,1,FALSE,0,0,2,0,1,3,-2,0
6283efc6560ca5762882edc0,pre,0.25,social,high,1,1,1,-1,-1,TRUE,0,0,2,0,1,3,-2,0
62974afad103dc86caeca63b,post,0.16666666666666666,social,high,1,1,1,-1,1,FALSE,0,0,2,0,1,3,-2,0
62974afad103dc86caeca63b,pre,0.125,social,high,1,1,1,-1,-1,TRUE,0,0,2,0,1,3,-2,0
6298b758db0b1ce22e9fbbf9,pre,0.42857142857142855,social,high,1,1,1,-1,-1,TRUE,0,0,2,0,1,3,-2,0
6298b758db0b1ce22e9fbbf9,post,0.25,social,high,1,1,1,-1,1,FALSE,0,0,2,0,1,3,-2,0
62a1e91dcf7c0718e985a736,post,0.3,social,high,1,1,1,-1,1,FALSE,0,0,2,0,1,3,-2,0
62a1e91dcf7c0718e985a736,pre,0.5,social,high,1,1,1,-1,-1,TRUE,0,0,2,0,1,3,-2,0
62ac8345accf223f2bcaef54,post,0.3333333333333333,social,high,1,1,1,-1,1,FALSE,0,0,2,0,1,3,-2,0
62ac8345accf223f2bcaef54,pre,0.3,social,high,1,1,1,-1,-1,TRUE,0,0,2,0,1,3,-2,0
62b4675059b5156376d73a3d,post,0.3,social,high,1,1,1,-1,1,FALSE,0,0,2,0,1,3,-2,0
62b4675059b5156376d73a3d,pre,0.3333333333333333,social,high,1,1,1,-1,-1,TRUE,0,0,2,0,1,3,-2,0
62c58021af077a4795ac0a29,pre,0.16666666666666666,social,high,1,1,1,-1,-1,TRUE,0,0,2,0,1,3,-2,0
62c58021af077a4795ac0a29,post,0.5,social,high,1,1,1,-1,1,FALSE,0,0,2,0,1,3,-2,0
62d13bffbbaad560955a083d,post,0.4,social,high,1,1,1,-1,1,FALSE,0,0,2,0,1,3,-2,0
62d13bffbbaad560955a083d,pre,0.16666666666666666,social,high,1,1,1,-1,-1,TRUE,0,0,2,0,1,3,-2,0
62d1e2e9c14f687d9c3a489c,pre,0.16666666666666666,social,high,1,1,1,-1,-1,TRUE,0,0,2,0,1,3,-2,0
62d1e2e9c14f687d9c3a489c,post,0.2222222222222222,social,high,1,1,1,-1,1,FALSE,0,0,2,0,1,3,-2,0
62da641c20e3e304623ebd1f,post,0.25,social,high,1,1,1,-1,1,FALSE,0,0,2,0,1,3,-2,0
62da641c20e3e304623ebd1f,pre,0.42857142857142855,social,high,1,1,1,-1,-1,TRUE,0,0,2,0,1,3,-2,0
62e9a85afabe7691599debc5,pre,0.2857142857142857,social,high,1,1,1,-1,-1,TRUE,0,0,2,0,1,3,-2,0
62e9a85afabe7691599debc5,post,0.375,social,high,1,1,1,-1,1,FALSE,0,0,2,0,1,3,-2,0
62e9fb6e14b32601c2301755,post,0.5,social,high,1,1,1,-1,1,FALSE,0,0,2,0,1,3,-2,0
62e9fb6e14b32601c2301755,pre,0.125,social,high,1,1,1,-1,-1,TRUE,0,0,2,0,1,3,-2,0
62fb79e7c968f4fc555d1e2f,pre,0.4,social,high,1,1,1,-1,-1,TRUE,0,0,2,0,1,3,-2,0
62fb79e7c968f4fc555d1e2f,post,0.375,social,high,1,1,1,-1,1,FALSE,0,0,2,0,1,3,-2,0
62fc2776d1d4dc20dd42495e,post,0.5,social,high,1,1,1,-1,1,FALSE,0,0,2,0,1,3,-2,0
62fc2776d1d4dc20dd42495e,pre,0.25,social,high,1,1,1,-1,-1,TRUE,0,0,2,0,1,3,-2,0
62fe34c166ae3fc3ec3db936,post,0.2,social,high,1,1,1,-1,1,FALSE,0,0,2,0,1,3,-2,0
62fe34c166ae3fc3ec3db936,pre,0.25,social,high,1,1,1,-1,-1,TRUE,0,0,2,0,1,3,-2,0
63066d90f454b37be8cbac7f,post,0.1,social,high,1,1,1,-1,1,FALSE,0,0,2,0,1,3,-2,0
63066d90f454b37be8cbac7f,pre,0.3333333333333333,social,high,1,1,1,-1,-1,TRUE,0,0,2,0,1,3,-2,0
630850b112f93b832e5a1617,post,0.35714285714285715,social,high,1,1,1,-1,1,FALSE,0,0,2,0,1,3,-2,0
630850b112f93b832e5a1617,pre,0.2857142857142857,social,high,1,1,1,-1,-1,TRUE,0,0,2,0,1,3,-2,0
6310b90df31f584230da32bf,post,0.16666666666666666,social,high,1,1,1,-1,1,FALSE,0,0,2,0,1,3,-2,0
6310b90df31f584230da32bf,pre,0.2,social,high,1,1,1,-1,-1,TRUE,0,0,2,0,1,3,-2,0
6310cc9c43676160338e137c,post,0.09090909090909091,social,high,1,1,1,-1,1,FALSE,0,0,2,0,1,3,-2,0
6310cc9c43676160338e137c,pre,0.16666666666666666,social,high,1,1,1,-1,-1,TRUE,0,0,2,0,1,3,-2,0
6310d903f849c97fe4846350,pre,0.25,social,high,1,1,1,-1,-1,TRUE,0,0,2,0,1,3,-2,0
6310d903f849c97fe4846350,post,0.8333333333333334,social,high,1,1,1,-1,1,FALSE,0,0,2,0,1,3,-2,0
63127c874930de6613ee524b,post,0.2857142857142857,social,high,1,1,1,-1,1,FALSE,0,0,2,0,1,3,-2,0
63127c874930de6613ee524b,pre,0.25,social,high,1,1,1,-1,-1,TRUE,0,0,2,0,1,3,-2,0
631699e51577c995252cf3fc,post,0.47619047619047616,social,high,1,1,1,-1,1,FALSE,0,0,2,0,1,3,-2,0
631699e51577c995252cf3fc,pre,0.3333333333333333,social,high,1,1,1,-1,-1,TRUE,0,0,2,0,1,3,-2,0
63176e7a79a6bb6cc2b8092c,pre,0.5,social,high,1,1,1,-1,-1,TRUE,0,0,2,0,1,3,-2,0
63176e7a79a6bb6cc2b8092c,post,0.5,social,high,1,1,1,-1,1,FALSE,0,0,2,0,1,3,-2,0
6318a8f221cf2a64e6e5e380,post,0.3,social,high,1,1,1,-1,1,FALSE,0,0,2,0,1,3,-2,0
6318a8f221cf2a64e6e5e380,pre,0.3333333333333333,social,high,1,1,1,-1,-1,TRUE,0,0,2,0,1,3,-2,0
6318b951c1f4db9ccaf145e1,post,0.09090909090909091,social,high,1,1,1,-1,1,FALSE,0,0,2,0,1,3,-2,0
6318b951c1f4db9ccaf145e1,pre,0.3333333333333333,social,high,1,1,1,-1,-1,TRUE,0,0,2,0,1,3,-2,0
6319fb0ba120bd51bf96ac43,pre,0.4,social,high,1,1,1,-1,-1,TRUE,0,0,2,0,1,3,-2,0
6319fb0ba120bd51bf96ac43,post,0.3333333333333333,social,high,1,1,1,-1,1,FALSE,0,0,2,0,1,3,-2,0
6319fda77a0f1e8100fafe8d,post,0.3333333333333333,social,high,1,1,1,-1,1,FALSE,0,0,2,0,1,3,-2,0
6319fda77a0f1e8100fafe8d,pre,0.4,social,high,1,1,1,-1,-1,TRUE,0,0,2,0,1,3,-2,0
631a0fa1605e74fd0a253ccb,pre,0.2,social,high,1,1,1,-1,-1,TRUE,0,0,2,0,1,3,-2,0
631a0fa1605e74fd0a253ccb,post,0.2857142857142857,social,high,1,1,1,-1,1,FALSE,0,0,2,0,1,3,-2,0
631a623e14430da0ad2da8d4,post,0.125,social,high,1,1,1,-1,1,FALSE,0,0,2,0,1,3,-2,0
631a623e14430da0ad2da8d4,pre,0.2,social,high,1,1,1,-1,-1,TRUE,0,0,2,0,1,3,-2,0
631c780f9c470a68068955ab,pre,0.3333333333333333,social,high,1,1,1,-1,-1,TRUE,0,0,2,0,1,3,-2,0
631c780f9c470a68068955ab,post,0.2222222222222222,social,high,1,1,1,-1,1,FALSE,0,0,2,0,1,3,-2,0
631d10eac8039f031ca7faa3,post,1,social,high,1,1,1,-1,1,FALSE,0,0,2,0,1,3,-2,0
631d10eac8039f031ca7faa3,pre,0.5,social,high,1,1,1,-1,-1,TRUE,0,0,2,0,1,3,-2,0
631e8dd9714233eb75ffb333,pre,0.2727272727272727,social,high,1,1,1,-1,-1,TRUE,0,0,2,0,1,3,-2,0
631e8dd9714233eb75ffb333,post,0.4444444444444444,social,high,1,1,1,-1,1,FALSE,0,0,2,0,1,3,-2,0
632190bcf132c51acad8d760,pre,0.2,social,high,1,1,1,-1,-1,TRUE,0,0,2,0,1,3,-2,0
632190bcf132c51acad8d760,post,0.16666666666666666,social,high,1,1,1,-1,1,FALSE,0,0,2,0,1,3,-2,0
632651a9f1a00140dc2b9487,pre,0.2222222222222222,social,high,1,1,1,-1,-1,TRUE,0,0,2,0,1,3,-2,0
632651a9f1a00140dc2b9487,post,0.25,social,high,1,1,1,-1,1,FALSE,0,0,2,0,1,3,-2,0
632892646eb1fff474584dd7,post,0.3076923076923077,social,high,1,1,1,-1,1,FALSE,0,0,2,0,1,3,-2,0
632892646eb1fff474584dd7,pre,0.25,social,high,1,1,1,-1,-1,TRUE,0,0,2,0,1,3,-2,0
6329fadf7246a0ffcc3273f1,pre,0.4444444444444444,social,high,1,1,1,-1,-1,TRUE,0,0,2,0,1,3,-2,0
6329fadf7246a0ffcc3273f1,post,0.14285714285714285,social,high,1,1,1,-1,1,FALSE,0,0,2,0,1,3,-2,0
632b1dcaa52bdbc0fdcae831,pre,0.3333333333333333,social,high,1,1,1,-1,-1,TRUE,0,0,2,0,1,3,-2,0
632b1dcaa52bdbc0fdcae831,post,0.16666666666666666,social,high,1,1,1,-1,1,FALSE,0,0,2,0,1,3,-2,0
632b70fb5dbb96057a10061f,pre,0.25,social,high,1,1,1,-1,-1,TRUE,0,0,2,0,1,3,-2,0
632b70fb5dbb96057a10061f,post,0.2,social,high,1,1,1,-1,1,FALSE,0,0,2,0,1,3,-2,0
6333103245619932bba4c8f6,pre,0.3333333333333333,social,high,1,1,1,-1,-1,TRUE,0,0,2,0,1,3,-2,0
6333103245619932bba4c8f6,post,0.3333333333333333,social,high,1,1,1,-1,1,FALSE,0,0,2,0,1,3,-2,0
6333ce8c34fbb52f01de79aa,pre,0.2857142857142857,social,high,1,1,1,-1,-1,TRUE,0,0,2,0,1,3,-2,0
6333ce8c34fbb52f01de79aa,post,0.2222222222222222,social,high,1,1,1,-1,1,FALSE,0,0,2,0,1,3,-2,0
6334df27284fbe566f1b02be,pre,0.125,social,high,1,1,1,-1,-1,TRUE,0,0,2,0,1,3,-2,0
6334df27284fbe566f1b02be,post,0.6666666666666666,social,high,1,1,1,-1,1,FALSE,0,0,2,0,1,3,-2,0
6335ec63ad290b348a3f784e,pre,0.3333333333333333,social,high,1,1,1,-1,-1,TRUE,0,0,2,0,1,3,-2,0
6335ec63ad290b348a3f784e,post,0.14285714285714285,social,high,1,1,1,-1,1,FALSE,0,0,2,0,1,3,-2,0
59297a236c835800011a31b3,post,0.3333333333333333,task,high,1,1,1,1,1,FALSE,0,0,2,0,1,3,0,2
59297a236c835800011a31b3,pre,0.25,task,high,1,1,1,1,-1,TRUE,0,0,2,0,1,3,0,2
5cce11bec17d6a000177585e,post,0.5,task,high,1,1,1,1,1,FALSE,0,0,2,0,1,3,0,2
5cce11bec17d6a000177585e,pre,0.2857142857142857,task,high,1,1,1,1,-1,TRUE,0,0,2,0,1,3,0,2
5d2789eecb80f3001524ef2e,post,0.16666666666666666,task,high,1,1,1,1,1,FALSE,0,0,2,0,1,3,0,2
5d2789eecb80f3001524ef2e,pre,0.5,task,high,1,1,1,1,-1,TRUE,0,0,2,0,1,3,0,2
5dd0fae5fce60619c31f0df1,post,0.42857142857142855,task,high,1,1,1,1,1,FALSE,0,0,2,0,1,3,0,2
5dd0fae5fce60619c31f0df1,pre,0.2222222222222222,task,high,1,1,1,1,-1,TRUE,0,0,2,0,1,3,0,2
5e69747159921f000b6a17df,pre,0.125,task,high,1,1,1,1,-1,TRUE,0,0,2,0,1,3,0,2
5e69747159921f000b6a17df,post,0.11764705882352941,task,high,1,1,1,1,1,FALSE,0,0,2,0,1,3,0,2
5ea4b47c14912a469756a808,post,1,task,high,1,1,1,1,1,FALSE,0,0,2,0,1,3,0,2
5ea4b47c14912a469756a808,pre,0.3333333333333333,task,high,1,1,1,1,-1,TRUE,0,0,2,0,1,3,0,2
5ecb01c6ce3f41678ceeb97c,pre,0.3333333333333333,task,high,1,1,1,1,-1,TRUE,0,0,2,0,1,3,0,2
5ecb01c6ce3f41678ceeb97c,post,0.14285714285714285,task,high,1,1,1,1,1,FALSE,0,0,2,0,1,3,0,2
5f49457d8ac21f34cf443e62,pre,0.36363636363636365,task,high,1,1,1,1,-1,TRUE,0,0,2,0,1,3,0,2
5f49457d8ac21f34cf443e62,post,0.25,task,high,1,1,1,1,1,FALSE,0,0,2,0,1,3,0,2
60819e4ac4ac1a8bc6d269fd,post,0.1875,task,high,1,1,1,1,1,FALSE,0,0,2,0,1,3,0,2
60819e4ac4ac1a8bc6d269fd,pre,0.125,task,high,1,1,1,1,-1,TRUE,0,0,2,0,1,3,0,2
60fe53cc174b797d0c38ee33,pre,0.4,task,high,1,1,1,1,-1,TRUE,0,0,2,0,1,3,0,2
60fe53cc174b797d0c38ee33,post,0.18181818181818182,task,high,1,1,1,1,1,FALSE,0,0,2,0,1,3,0,2
61025a7bda932c5341fd36d9,post,0.3333333333333333,task,high,1,1,1,1,1,FALSE,0,0,2,0,1,3,0,2
61025a7bda932c5341fd36d9,pre,0.16666666666666666,task,high,1,1,1,1,-1,TRUE,0,0,2,0,1,3,0,2
6110f9f3a598c0b88eaa3ee3,pre,0.16666666666666666,task,high,1,1,1,1,-1,TRUE,0,0,2,0,1,3,0,2
6110f9f3a598c0b88eaa3ee3,post,0.4642857142857143,task,high,1,1,1,1,1,FALSE,0,0,2,0,1,3,0,2
613001f53ec1e19ee81fbc3c,post,0.5416666666666666,task,high,1,1,1,1,1,FALSE,0,0,2,0,1,3,0,2
613001f53ec1e19ee81fbc3c,pre,0.14285714285714285,task,high,1,1,1,1,-1,TRUE,0,0,2,0,1,3,0,2
61395939bf400a127ece925d,pre,0.375,task,high,1,1,1,1,-1,TRUE,0,0,2,0,1,3,0,2
61395939bf400a127ece925d,post,0.4666666666666667,task,high,1,1,1,1,1,FALSE,0,0,2,0,1,3,0,2
6139d0cdc1cc98b809470ae6,post,0.3333333333333333,task,high,1,1,1,1,1,FALSE,0,0,2,0,1,3,0,2
6139d0cdc1cc98b809470ae6,pre,0.375,task,high,1,1,1,1,-1,TRUE,0,0,2,0,1,3,0,2
614b44966a3170cadb5a3200,post,0.125,task,high,1,1,1,1,1,FALSE,0,0,2,0,1,3,0,2
614b44966a3170cadb5a3200,pre,0.25,task,high,1,1,1,1,-1,TRUE,0,0,2,0,1,3,0,2
61572e5ca3fbf21b69802432,post,0.3125,task,high,1,1,1,1,1,FALSE,0,0,2,0,1,3,0,2
61572e5ca3fbf21b69802432,pre,0.3333333333333333,task,high,1,1,1,1,-1,TRUE,0,0,2,0,1,3,0,2
615b89f05c6789f6c121026f,post,0.35714285714285715,task,high,1,1,1,1,1,FALSE,0,0,2,0,1,3,0,2
615b89f05c6789f6c121026f,pre,0.25,task,high,1,1,1,1,-1,TRUE,0,0,2,0,1,3,0,2
61692da1dbf3ba5b2507c1c5,post,0.3333333333333333,task,high,1,1,1,1,1,FALSE,0,0,2,0,1,3,0,2
61692da1dbf3ba5b2507c1c5,pre,0.16666666666666666,task,high,1,1,1,1,-1,TRUE,0,0,2,0,1,3,0,2
628bc74f7a49c6307cd25e2b,post,0.15384615384615385,social,control,1,0,-2,-1,1,FALSE,-1,-3,1,-3,0,0,-2,0
628bc74f7a49c6307cd25e2b,post,0.15384615384615385,task,high,1,1,1,1,1,FALSE,0,0,2,0,1,3,0,2
628bc74f7a49c6307cd25e2b,pre,0.375,social,control,1,0,-2,-1,-1,TRUE,-1,-3,1,-3,0,0,-2,0
628bc74f7a49c6307cd25e2b,pre,0.375,task,high,1,1,1,1,-1,TRUE,0,0,2,0,1,3,0,2
629b3e30703b60b4d4bd5f1b,post,0.5833333333333334,task,high,1,1,1,1,1,FALSE,0,0,2,0,1,3,0,2
629b3e30703b60b4d4bd5f1b,pre,0.3333333333333333,task,high,1,1,1,1,-1,TRUE,0,0,2,0,1,3,0,2
629e3e19b4538ffef96e7f72,pre,0.3333333333333333,task,high,1,1,1,1,-1,TRUE,0,0,2,0,1,3,0,2
629e3e19b4538ffef96e7f72,post,0.2727272727272727,task,high,1,1,1,1,1,FALSE,0,0,2,0,1,3,0,2
629f5b47560fb3295b3c1d0c,post,0.25,task,high,1,1,1,1,1,FALSE,0,0,2,0,1,3,0,2
629f5b47560fb3295b3c1d0c,pre,0.6666666666666666,task,high,1,1,1,1,-1,TRUE,0,0,2,0,1,3,0,2
62a097c269ac9f71a1e4c4f3,pre,0.5,task,high,1,1,1,1,-1,TRUE,0,0,2,0,1,3,0,2
62a097c269ac9f71a1e4c4f3,post,0.6923076923076923,task,high,1,1,1,1,1,FALSE,0,0,2,0,1,3,0,2
62cc2a461cb12cba8bcd5ce1,pre,0.5,task,high,1,1,1,1,-1,TRUE,0,0,2,0,1,3,0,2
62cc2a461cb12cba8bcd5ce1,post,0.4,task,high,1,1,1,1,1,FALSE,0,0,2,0,1,3,0,2
62fb7acaf60ed51dd71d3bfb,post,0.4666666666666667,task,high,1,1,1,1,1,FALSE,0,0,2,0,1,3,0,2
62fb7acaf60ed51dd71d3bfb,pre,0.25,task,high,1,1,1,1,-1,TRUE,0,0,2,0,1,3,0,2
62fb883d1aaa710f603868ce,pre,0.2857142857142857,task,high,1,1,1,1,-1,TRUE,0,0,2,0,1,3,0,2
62fb883d1aaa710f603868ce,post,0.2,task,high,1,1,1,1,1,FALSE,0,0,2,0,1,3,0,2
62fba1163415bd0499324f1a,post,0.5333333333333333,task,high,1,1,1,1,1,FALSE,0,0,2,0,1,3,0,2
62fba1163415bd0499324f1a,pre,0.3333333333333333,task,high,1,1,1,1,-1,TRUE,0,0,2,0,1,3,0,2
62fba19b31689f425e047e01,pre,0.3333333333333333,task,high,1,1,1,1,-1,TRUE,0,0,2,0,1,3,0,2
62fba19b31689f425e047e01,post,0.375,task,high,1,1,1,1,1,FALSE,0,0,2,0,1,3,0,2
62fba7afbeff62752140a261,pre,0.125,task,high,1,1,1,1,-1,TRUE,0,0,2,0,1,3,0,2
62fba7afbeff62752140a261,post,0.2222222222222222,task,high,1,1,1,1,1,FALSE,0,0,2,0,1,3,0,2
62fbfb41d1cfb6240d087481,pre,0.25,task,high,1,1,1,1,-1,TRUE,0,0,2,0,1,3,0,2
62fbfb41d1cfb6240d087481,post,0.4166666666666667,task,high,1,1,1,1,1,FALSE,0,0,2,0,1,3,0,2
62fe3f4afcdd642d889df2fb,post,0.2857142857142857,task,high,1,1,1,1,1,FALSE,0,0,2,0,1,3,0,2
62fe3f4afcdd642d889df2fb,pre,0.25,task,high,1,1,1,1,-1,TRUE,0,0,2,0,1,3,0,2
62fed629da4eed03d049108a,post,0.2222222222222222,task,high,1,1,1,1,1,FALSE,0,0,2,0,1,3,0,2
62fed629da4eed03d049108a,pre,0.2,task,high,1,1,1,1,-1,TRUE,0,0,2,0,1,3,0,2
6309045d7355790eefe2ce1b,pre,0.4,task,high,1,1,1,1,-1,TRUE,0,0,2,0,1,3,0,2
6309045d7355790eefe2ce1b,post,0.3333333333333333,task,high,1,1,1,1,1,FALSE,0,0,2,0,1,3,0,2
6310a6c16d94cd480a8d745c,pre,0.2857142857142857,task,high,1,1,1,1,-1,TRUE,0,0,2,0,1,3,0,2
6310a6c16d94cd480a8d745c,post,0.4444444444444444,task,high,1,1,1,1,1,FALSE,0,0,2,0,1,3,0,2
63174b31774f6e3b060860a3,pre,0.25,task,high,1,1,1,1,-1,TRUE,0,0,2,0,1,3,0,2
63174b31774f6e3b060860a3,post,0.36363636363636365,task,high,1,1,1,1,1,FALSE,0,0,2,0,1,3,0,2
6318be45a49442eee3a88cb3,pre,0.2,task,high,1,1,1,1,-1,TRUE,0,0,2,0,1,3,0,2
6318be45a49442eee3a88cb3,post,0.1111111111111111,task,high,1,1,1,1,1,FALSE,0,0,2,0,1,3,0,2
6319cf03da3ae2a391d2b82a,pre,0.16666666666666666,task,high,1,1,1,1,-1,TRUE,0,0,2,0,1,3,0,2
6319cf03da3ae2a391d2b82a,post,0.2,task,high,1,1,1,1,1,FALSE,0,0,2,0,1,3,0,2
631a08ec2c829330549c871e,pre,0.5,task,high,1,1,1,1,-1,TRUE,0,0,2,0,1,3,0,2
631a08ec2c829330549c871e,post,0.2857142857142857,task,high,1,1,1,1,1,FALSE,0,0,2,0,1,3,0,2
631b41135186d94d732c8b2b,pre,0.4,task,high,1,1,1,1,-1,TRUE,0,0,2,0,1,3,0,2
631b41135186d94d732c8b2b,post,0.2857142857142857,task,high,1,1,1,1,1,FALSE,0,0,2,0,1,3,0,2
631c356a41bbc9afac8bae22,pre,0.25,task,high,1,1,1,1,-1,TRUE,0,0,2,0,1,3,0,2
631c356a41bbc9afac8bae22,post,0.2222222222222222,task,high,1,1,1,1,1,FALSE,0,0,2,0,1,3,0,2
631f30fc6b6f6de4e2b985c5,pre,0.14285714285714285,task,high,1,1,1,1,-1,TRUE,0,0,2,0,1,3,0,2
631f30fc6b6f6de4e2b985c5,post,0.6,task,high,1,1,1,1,1,FALSE,0,0,2,0,1,3,0,2
631f3abc8826b6e7e8982648,post,0.4444444444444444,task,high,1,1,1,1,1,FALSE,0,0,2,0,1,3,0,2
631f3abc8826b6e7e8982648,pre,0.5,task,high,1,1,1,1,-1,TRUE,0,0,2,0,1,3,0,2
63210b26bd58960c97b47ddc,post,0.5333333333333333,task,high,1,1,1,1,1,FALSE,0,0,2,0,1,3,0,2
63210b26bd58960c97b47ddc,pre,0.5714285714285714,task,high,1,1,1,1,-1,TRUE,0,0,2,0,1,3,0,2
63220064853fa5e165c86f36,pre,0.25,task,high,1,1,1,1,-1,TRUE,0,0,2,0,1,3,0,2
63220064853fa5e165c86f36,post,0.23076923076923078,task,high,1,1,1,1,1,FALSE,0,0,2,0,1,3,0,2
63222a10d4d211645745772c,post,0.5,task,high,1,1,1,1,1,FALSE,0,0,2,0,1,3,0,2
63222a10d4d211645745772c,pre,0.3333333333333333,task,high,1,1,1,1,-1,TRUE,0,0,2,0,1,3,0,2
63222c41fa46c8b2f5f533a2,pre,0.3333333333333333,task,high,1,1,1,1,-1,TRUE,0,0,2,0,1,3,0,2
63222c41fa46c8b2f5f533a2,post,0.5,task,high,1,1,1,1,1,FALSE,0,0,2,0,1,3,0,2
63223daaaeb34a0c95d82c46,post,0.18181818181818182,task,high,1,1,1,1,1,FALSE,0,0,2,0,1,3,0,2
63223daaaeb34a0c95d82c46,pre,0.16666666666666666,task,high,1,1,1,1,-1,TRUE,0,0,2,0,1,3,0,2
632258f0011352c32c2898e1,pre,0.375,task,high,1,1,1,1,-1,TRUE,0,0,2,0,1,3,0,2
632258f0011352c32c2898e1,post,0.35,task,high,1,1,1,1,1,FALSE,0,0,2,0,1,3,0,2
6322ed60ec38e968a084ef82,post,0.4117647058823529,task,high,1,1,1,1,1,FALSE,0,0,2,0,1,3,0,2
6322ed60ec38e968a084ef82,pre,0.2857142857142857,task,high,1,1,1,1,-1,TRUE,0,0,2,0,1,3,0,2
6323781f75962af097c34b5e,pre,0.5,task,high,1,1,1,1,-1,TRUE,0,0,2,0,1,3,0,2
6323781f75962af097c34b5e,post,0.23529411764705882,task,high,1,1,1,1,1,FALSE,0,0,2,0,1,3,0,2
63287cb70587cde2d474506b,pre,0.2857142857142857,task,high,1,1,1,1,-1,TRUE,0,0,2,0,1,3,0,2
63287cb70587cde2d474506b,post,0.38461538461538464,task,high,1,1,1,1,1,FALSE,0,0,2,0,1,3,0,2
632881a28fcc3aae4da242e2,pre,0.2727272727272727,task,high,1,1,1,1,-1,TRUE,0,0,2,0,1,3,0,2
632881a28fcc3aae4da242e2,post,0.5789473684210527,task,high,1,1,1,1,1,FALSE,0,0,2,0,1,3,0,2
6328ba8956e9130165c8f17b,pre,0.3333333333333333,task,high,1,1,1,1,-1,TRUE,0,0,2,0,1,3,0,2
6328ba8956e9130165c8f17b,post,0.4,task,high,1,1,1,1,1,FALSE,0,0,2,0,1,3,0,2
63296303631f0a3f7cfb5f7d,pre,0.25,task,high,1,1,1,1,-1,TRUE,0,0,2,0,1,3,0,2
63296303631f0a3f7cfb5f7d,post,0.3333333333333333,task,high,1,1,1,1,1,FALSE,0,0,2,0,1,3,0,2
6329cf9aff421956acd033e9,post,0.5833333333333334,task,high,1,1,1,1,1,FALSE,0,0,2,0,1,3,0,2
6329cf9aff421956acd033e9,pre,0.4444444444444444,task,high,1,1,1,1,-1,TRUE,0,0,2,0,1,3,0,2
632a9a164ae4b7deb9aa84db,post,0.4583333333333333,task,high,1,1,1,1,1,FALSE,0,0,2,0,1,3,0,2
632a9a164ae4b7deb9aa84db,pre,0.3076923076923077,task,high,1,1,1,1,-1,TRUE,0,0,2,0,1,3,0,2
632b2c43ef656aefd680424f,pre,0.3333333333333333,task,high,1,1,1,1,-1,TRUE,0,0,2,0,1,3,0,2
632b2c43ef656aefd680424f,post,0.4444444444444444,task,high,1,1,1,1,1,FALSE,0,0,2,0,1,3,0,2
632c673f8b99c86ac2fba537,pre,0.5,task,high,1,1,1,1,-1,TRUE,0,0,2,0,1,3,0,2
632c673f8b99c86ac2fba537,post,0.2777777777777778,task,high,1,1,1,1,1,FALSE,0,0,2,0,1,3,0,2
632f46f37921b88d78f3f34d,pre,0.25,task,high,1,1,1,1,-1,TRUE,0,0,2,0,1,3,0,2
632f46f37921b88d78f3f34d,post,0.4166666666666667,task,high,1,1,1,1,1,FALSE,0,0,2,0,1,3,0,2
633143ac83d95ebeeda0350a,pre,0.3333333333333333,task,high,1,1,1,1,-1,TRUE,0,0,2,0,1,3,0,2
633143ac83d95ebeeda0350a,post,0.4,task,high,1,1,1,1,1,FALSE,0,0,2,0,1,3,0,2
6332274d72eff2df47171a78,pre,0.2857142857142857,task,high,1,1,1,1,-1,TRUE,0,0,2,0,1,3,0,2
6332274d72eff2df47171a78,post,0.25,task,high,1,1,1,1,1,FALSE,0,0,2,0,1,3,0,2
633379e346d2716eae353597,post,0.5263157894736842,task,high,1,1,1,1,1,FALSE,0,0,2,0,1,3,0,2
633379e346d2716eae353597,pre,0.16666666666666666,task,high,1,1,1,1,-1,TRUE,0,0,2,0,1,3,0,2
6334b0fc574064de4e68f578,post,0.75,task,high,1,1,1,1,1,FALSE,0,0,2,0,1,3,0,2
6334b0fc574064de4e68f578,pre,0.42857142857142855,task,high,1,1,1,1,-1,TRUE,0,0,2,0,1,3,0,2
6334cab63abeacf59232ad17,pre,0.2222222222222222,task,high,1,1,1,1,-1,TRUE,0,0,2,0,1,3,0,2
6334cab63abeacf59232ad17,post,0.5,task,high,1,1,1,1,1,FALSE,0,0,2,0,1,3,0,2
6334d2dc42c6f82032a407a9,post,0.3076923076923077,task,high,1,1,1,1,1,FALSE,0,0,2,0,1,3,0,2
6334d2dc42c6f82032a407a9,pre,0.3333333333333333,task,high,1,1,1,1,-1,TRUE,0,0,2,0,1,3,0,2
6335c6b1d98f8dd3f9971957,pre,0.3,task,high,1,1,1,1,-1,TRUE,0,0,2,0,1,3,0,2
6335c6b1d98f8dd3f9971957,post,0.5,task,high,1,1,1,1,1,FALSE,0,0,2,0,1,3,0,2
63361721132ff01bc44671f7,post,0.25,task,high,1,1,1,1,1,FALSE,0,0,2,0,1,3,0,2
63361721132ff01bc44671f7,pre,0.3333333333333333,task,high,1,1,1,1,-1,TRUE,0,0,2,0,1,3,0,2
633652b74d1b0429a0fd75b2,pre,0.3333333333333333,task,high,1,1,1,1,-1,TRUE,0,0,2,0,1,3,0,2
633652b74d1b0429a0fd75b2,post,0.5555555555555556,task,high,1,1,1,1,1,FALSE,0,0,2,0,1,3,0,2
6336f536de1823600ebda2f4,post,0.5,task,high,1,1,1,1,1,FALSE,0,0,2,0,1,3,0,2
6336f536de1823600ebda2f4,pre,0.375,task,high,1,1,1,1,-1,TRUE,0,0,2,0,1,3,0,2
6336f7d2a6dc77fca23d1166,pre,0.5,task,high,1,1,1,1,-1,TRUE,0,0,2,0,1,3,0,2
6336f7d2a6dc77fca23d1166,post,0.5,task,high,1,1,1,1,1,FALSE,0,0,2,0,1,3,0,2
63374bc83072303f7fbe01b1,pre,0.2,task,high,1,1,1,1,-1,TRUE,0,0,2,0,1,3,0,2
63374bc83072303f7fbe01b1,post,0.125,task,high,1,1,1,1,1,FALSE,0,0,2,0,1,3,0,2
63376dafaa9098269b8e8b6f,pre,0.16666666666666666,task,high,1,1,1,1,-1,TRUE,0,0,2,0,1,3,0,2
63376dafaa9098269b8e8b6f,post,0.42857142857142855,task,high,1,1,1,1,1,FALSE,0,0,2,0,1,3,0,2
633883af6b0693ae82651c87,pre,0.125,task,high,1,1,1,1,-1,TRUE,0,0,2,0,1,3,0,2
633883af6b0693ae82651c87,post,0.5,task,high,1,1,1,1,1,FALSE,0,0,2,0,1,3,0,2
6338c289b6f1c7bdcef71166,pre,0.25,task,high,1,1,1,1,-1,TRUE,0,0,2,0,1,3,0,2
6338c289b6f1c7bdcef71166,post,0.42857142857142855,task,high,1,1,1,1,1,FALSE,0,0,2,0,1,3,0,2
5b9296a6909a8d0001ad1325,post,0.3076923076923077,social,control,1,0,-2,-1,1,FALSE,-1,-3,1,-3,0,0,-2,0
5b9296a6909a8d0001ad1325,pre,0.2,social,control,1,0,-2,-1,-1,TRUE,-1,-3,1,-3,0,0,-2,0
5bff1eeebe5e730001efef32,pre,0.25,social,control,1,0,-2,-1,-1,TRUE,-1,-3,1,-3,0,0,-2,0
5bff1eeebe5e730001efef32,post,0.2222222222222222,social,control,1,0,-2,-1,1,FALSE,-1,-3,1,-3,0,0,-2,0
5e98ebda7eda83135fb21c30,pre,0.25,social,control,1,0,-2,-1,-1,TRUE,-1,-3,1,-3,0,0,-2,0
5e98ebda7eda83135fb21c30,post,0.47058823529411764,social,control,1,0,-2,-1,1,FALSE,-1,-3,1,-3,0,0,-2,0
5f236a1612ef1d11d1fe72d9,pre,0.16666666666666666,social,control,1,0,-2,-1,-1,TRUE,-1,-3,1,-3,0,0,-2,0
5f236a1612ef1d11d1fe72d9,post,0.2727272727272727,social,control,1,0,-2,-1,1,FALSE,-1,-3,1,-3,0,0,-2,0
5f355cfaad263a4f8d4b9094,pre,0.2,social,control,1,0,-2,-1,-1,TRUE,-1,-3,1,-3,0,0,-2,0
5f355cfaad263a4f8d4b9094,post,0.3333333333333333,social,control,1,0,-2,-1,1,FALSE,-1,-3,1,-3,0,0,-2,0
6025b433d83eed1abe201b8e,pre,0.125,social,control,1,0,-2,-1,-1,TRUE,-1,-3,1,-3,0,0,-2,0
6025b433d83eed1abe201b8e,post,0.23076923076923078,social,control,1,0,-2,-1,1,FALSE,-1,-3,1,-3,0,0,-2,0
60afa4695d4397e90cd18a1d,post,0.6666666666666666,social,control,1,0,-2,-1,1,FALSE,-1,-3,1,-3,0,0,-2,0
60afa4695d4397e90cd18a1d,pre,0.2857142857142857,social,control,1,0,-2,-1,-1,TRUE,-1,-3,1,-3,0,0,-2,0
60cb97042a38cbb970cb4cc9,pre,0.2857142857142857,social,control,1,0,-2,-1,-1,TRUE,-1,-3,1,-3,0,0,-2,0
60cb97042a38cbb970cb4cc9,post,0.06666666666666667,social,control,1,0,-2,-1,1,FALSE,-1,-3,1,-3,0,0,-2,0
60eda34bbb675f9cba8dccce,pre,0.38461538461538464,social,control,1,0,-2,-1,-1,TRUE,-1,-3,1,-3,0,0,-2,0
60eda34bbb675f9cba8dccce,post,0.4642857142857143,social,control,1,0,-2,-1,1,FALSE,-1,-3,1,-3,0,0,-2,0
60fb26b22969519ce4e932f8,pre,0.2857142857142857,social,control,1,0,-2,-1,-1,TRUE,-1,-3,1,-3,0,0,-2,0
60fb26b22969519ce4e932f8,post,0.6666666666666666,social,control,1,0,-2,-1,1,FALSE,-1,-3,1,-3,0,0,-2,0
60fc05fc4badea9672749d7b,post,0.391304347826087,social,control,1,0,-2,-1,1,FALSE,-1,-3,1,-3,0,0,-2,0
60fc05fc4badea9672749d7b,pre,0.3333333333333333,social,control,1,0,-2,-1,-1,TRUE,-1,-3,1,-3,0,0,-2,0
60fc8ef229fbd016bf2549c8,post,0.7272727272727273,social,control,1,0,-2,-1,1,FALSE,-1,-3,1,-3,0,0,-2,0
60fc8ef229fbd016bf2549c8,pre,0.16666666666666666,social,control,1,0,-2,-1,-1,TRUE,-1,-3,1,-3,0,0,-2,0
60feccb19074e8c74453dff4,post,0.3,social,control,1,0,-2,-1,1,FALSE,-1,-3,1,-3,0,0,-2,0
60feccb19074e8c74453dff4,pre,0.25,social,control,1,0,-2,-1,-1,TRUE,-1,-3,1,-3,0,0,-2,0
61043f36bc2fb31110d2067d,post,0.46153846153846156,social,control,1,0,-2,-1,1,FALSE,-1,-3,1,-3,0,0,-2,0
61043f36bc2fb31110d2067d,pre,0.3333333333333333,social,control,1,0,-2,-1,-1,TRUE,-1,-3,1,-3,0,0,-2,0
6108a79940b4c529f6451568,post,0.42857142857142855,social,control,1,0,-2,-1,1,FALSE,-1,-3,1,-3,0,0,-2,0
6108a79940b4c529f6451568,pre,0.2857142857142857,social,control,1,0,-2,-1,-1,TRUE,-1,-3,1,-3,0,0,-2,0
611293c20fce598560970e77,pre,0.25,social,control,1,0,-2,-1,-1,TRUE,-1,-3,1,-3,0,0,-2,0
611293c20fce598560970e77,post,0.2727272727272727,social,control,1,0,-2,-1,1,FALSE,-1,-3,1,-3,0,0,-2,0
613f964ad4f96aacbcb272ee,pre,0.2,social,control,1,0,-2,-1,-1,TRUE,-1,-3,1,-3,0,0,-2,0
613f964ad4f96aacbcb272ee,post,0.5,social,control,1,0,-2,-1,1,FALSE,-1,-3,1,-3,0,0,-2,0
6148d9aa850ed436d125767b,post,0.29411764705882354,social,control,1,0,-2,-1,1,FALSE,-1,-3,1,-3,0,0,-2,0
6148d9aa850ed436d125767b,pre,0.25,social,control,1,0,-2,-1,-1,TRUE,-1,-3,1,-3,0,0,-2,0
61516b8425ba41f8ccec0f52,post,0.42857142857142855,social,control,1,0,-2,-1,1,FALSE,-1,-3,1,-3,0,0,-2,0
61516b8425ba41f8ccec0f52,pre,0.5,social,control,1,0,-2,-1,-1,TRUE,-1,-3,1,-3,0,0,-2,0
6159f397757775f94c8fdace,pre,0.375,social,control,1,0,-2,-1,-1,TRUE,-1,-3,1,-3,0,0,-2,0
6159f397757775f94c8fdace,post,0.5,social,control,1,0,-2,-1,1,FALSE,-1,-3,1,-3,0,0,-2,0
615f368a577f50a49400d5b6,post,0.75,social,control,1,0,-2,-1,1,FALSE,-1,-3,1,-3,0,0,-2,0
615f368a577f50a49400d5b6,pre,0.3333333333333333,social,control,1,0,-2,-1,-1,TRUE,-1,-3,1,-3,0,0,-2,0
6165d405291f2a60d79074d7,pre,0.21428571428571427,social,control,1,0,-2,-1,-1,TRUE,-1,-3,1,-3,0,0,-2,0
6165d405291f2a60d79074d7,post,0.4074074074074074,social,control,1,0,-2,-1,1,FALSE,-1,-3,1,-3,0,0,-2,0
6166bcbd6218fbfc4c23cd34,post,0.6666666666666666,social,control,1,0,-2,-1,1,FALSE,-1,-3,1,-3,0,0,-2,0
6166bcbd6218fbfc4c23cd34,pre,0.3333333333333333,social,control,1,0,-2,-1,-1,TRUE,-1,-3,1,-3,0,0,-2,0
61f2adb2a09e72f23cbaf928,post,0.38461538461538464,social,control,1,0,-2,-1,1,FALSE,-1,-3,1,-3,0,0,-2,0
61f2adb2a09e72f23cbaf928,pre,0.3333333333333333,social,control,1,0,-2,-1,-1,TRUE,-1,-3,1,-3,0,0,-2,0
6274b07fc92f1593d4563c6b,pre,0.2857142857142857,social,control,1,0,-2,-1,-1,TRUE,-1,-3,1,-3,0,0,-2,0
6274b07fc92f1593d4563c6b,post,0.125,social,control,1,0,-2,-1,1,FALSE,-1,-3,1,-3,0,0,-2,0
62a338a516fae3323c45d97b,post,0.14285714285714285,social,control,1,0,-2,-1,1,FALSE,-1,-3,1,-3,0,0,-2,0
62a338a516fae3323c45d97b,pre,0.6666666666666666,social,control,1,0,-2,-1,-1,TRUE,-1,-3,1,-3,0,0,-2,0
62a35fcc8656099585495c01,post,0.4444444444444444,social,control,1,0,-2,-1,1,FALSE,-1,-3,1,-3,0,0,-2,0
62a35fcc8656099585495c01,pre,0.16666666666666666,social,control,1,0,-2,-1,-1,TRUE,-1,-3,1,-3,0,0,-2,0
62ac70639dc3d309ce84b380,post,0.42857142857142855,social,control,1,0,-2,-1,1,FALSE,-1,-3,1,-3,0,0,-2,0
62ac70639dc3d309ce84b380,pre,0.16666666666666666,social,control,1,0,-2,-1,-1,TRUE,-1,-3,1,-3,0,0,-2,0
62be3282eacc95dd6eec72ad,post,0.14285714285714285,social,control,1,0,-2,-1,1,FALSE,-1,-3,1,-3,0,0,-2,0
62be3282eacc95dd6eec72ad,pre,0.3333333333333333,social,control,1,0,-2,-1,-1,TRUE,-1,-3,1,-3,0,0,-2,0
62d37f59dfc2c4fe590c156b,post,0.3333333333333333,social,control,1,0,-2,-1,1,FALSE,-1,-3,1,-3,0,0,-2,0
62d37f59dfc2c4fe590c156b,pre,0.2,social,control,1,0,-2,-1,-1,TRUE,-1,-3,1,-3,0,0,-2,0
62dadc69bab0b763297d8852,post,0.42857142857142855,social,control,1,0,-2,-1,1,FALSE,-1,-3,1,-3,0,0,-2,0
62dadc69bab0b763297d8852,pre,0.3333333333333333,social,control,1,0,-2,-1,-1,TRUE,-1,-3,1,-3,0,0,-2,0
62e04ce19a5f8297d8fc5db0,pre,0.25,social,control,1,0,-2,-1,-1,TRUE,-1,-3,1,-3,0,0,-2,0
62e04ce19a5f8297d8fc5db0,post,0.14285714285714285,social,control,1,0,-2,-1,1,FALSE,-1,-3,1,-3,0,0,-2,0
62e15c4a692e10bbbf11284e,post,0.75,social,control,1,0,-2,-1,1,FALSE,-1,-3,1,-3,0,0,-2,0
62e15c4a692e10bbbf11284e,pre,0.3333333333333333,social,control,1,0,-2,-1,-1,TRUE,-1,-3,1,-3,0,0,-2,0
62feb17a245e5739c1d22c46,pre,0.3333333333333333,social,control,1,0,-2,-1,-1,TRUE,-1,-3,1,-3,0,0,-2,0
62feb17a245e5739c1d22c46,post,0.5714285714285714,social,control,1,0,-2,-1,1,FALSE,-1,-3,1,-3,0,0,-2,0
6303ab49bc7404c872007a2b,post,0.2916666666666667,social,control,1,0,-2,-1,1,FALSE,-1,-3,1,-3,0,0,-2,0
6303ab49bc7404c872007a2b,pre,0.4166666666666667,social,control,1,0,-2,-1,-1,TRUE,-1,-3,1,-3,0,0,-2,0
630ccc3f5bdbe90e7480f34d,pre,0.2857142857142857,social,control,1,0,-2,-1,-1,TRUE,-1,-3,1,-3,0,0,-2,0
630ccc3f5bdbe90e7480f34d,post,0.36363636363636365,social,control,1,0,-2,-1,1,FALSE,-1,-3,1,-3,0,0,-2,0
6310a30f9466069f3ec79b62,post,0.42857142857142855,social,control,1,0,-2,-1,1,FALSE,-1,-3,1,-3,0,0,-2,0
6310a30f9466069f3ec79b62,pre,0.3333333333333333,social,control,1,0,-2,-1,-1,TRUE,-1,-3,1,-3,0,0,-2,0
6310a482ab78398d69daca0f,pre,0.4,social,control,1,0,-2,-1,-1,TRUE,-1,-3,1,-3,0,0,-2,0
6310a482ab78398d69daca0f,post,0.1,social,control,1,0,-2,-1,1,FALSE,-1,-3,1,-3,0,0,-2,0
631689bd64c669bd6ae5aa73,pre,0.3,social,control,1,0,-2,-1,-1,TRUE,-1,-3,1,-3,0,0,-2,0
631689bd64c669bd6ae5aa73,post,0.16666666666666666,social,control,1,0,-2,-1,1,FALSE,-1,-3,1,-3,0,0,-2,0
631745a32839fad5a97f7887,post,0.25,social,control,1,0,-2,-1,1,FALSE,-1,-3,1,-3,0,0,-2,0
631745a32839fad5a97f7887,pre,0.2857142857142857,social,control,1,0,-2,-1,-1,TRUE,-1,-3,1,-3,0,0,-2,0
6318c464e1908e31c5e19fcc,pre,0.4,social,control,1,0,-2,-1,-1,TRUE,-1,-3,1,-3,0,0,-2,0
6318c464e1908e31c5e19fcc,post,0.4166666666666667,social,control,1,0,-2,-1,1,FALSE,-1,-3,1,-3,0,0,-2,0
6318d65dee21b31a464ab2c6,post,0.16666666666666666,social,control,1,0,-2,-1,1,FALSE,-1,-3,1,-3,0,0,-2,0
6318d65dee21b31a464ab2c6,pre,0.16666666666666666,social,control,1,0,-2,-1,-1,TRUE,-1,-3,1,-3,0,0,-2,0
6318e2c61780455450fe4199,post,0.3684210526315789,social,control,1,0,-2,-1,1,FALSE,-1,-3,1,-3,0,0,-2,0
6318e2c61780455450fe4199,pre,0.3333333333333333,social,control,1,0,-2,-1,-1,TRUE,-1,-3,1,-3,0,0,-2,0
631b4221b4d71aa47e3856e2,pre,0.3333333333333333,social,control,1,0,-2,-1,-1,TRUE,-1,-3,1,-3,0,0,-2,0
631b4221b4d71aa47e3856e2,post,0.3076923076923077,social,control,1,0,-2,-1,1,FALSE,-1,-3,1,-3,0,0,-2,0
631f27c6f57a39ef92ee3c26,pre,0.2,social,control,1,0,-2,-1,-1,TRUE,-1,-3,1,-3,0,0,-2,0
631f27c6f57a39ef92ee3c26,post,0.3333333333333333,social,control,1,0,-2,-1,1,FALSE,-1,-3,1,-3,0,0,-2,0
632077d449c82f5a4942a056,pre,0.2857142857142857,social,control,1,0,-2,-1,-1,TRUE,-1,-3,1,-3,0,0,-2,0
632077d449c82f5a4942a056,post,0.25,social,control,1,0,-2,-1,1,FALSE,-1,-3,1,-3,0,0,-2,0
632093f1aaae13cd5d7c50e1,pre,0.125,social,control,1,0,-2,-1,-1,TRUE,-1,-3,1,-3,0,0,-2,0
632093f1aaae13cd5d7c50e1,post,0.375,social,control,1,0,-2,-1,1,FALSE,-1,-3,1,-3,0,0,-2,0
63212f585c37e8c4e78ec3d5,post,0.4166666666666667,social,control,1,0,-2,-1,1,FALSE,-1,-3,1,-3,0,0,-2,0
63212f585c37e8c4e78ec3d5,pre,0.25,social,control,1,0,-2,-1,-1,TRUE,-1,-3,1,-3,0,0,-2,0
632199a18b819ce6e67ccf32,post,0.08333333333333333,social,control,1,0,-2,-1,1,FALSE,-1,-3,1,-3,0,0,-2,0
632199a18b819ce6e67ccf32,pre,0.25,social,control,1,0,-2,-1,-1,TRUE,-1,-3,1,-3,0,0,-2,0
6321f7d6c6ac04faf8457752,pre,0.3333333333333333,social,control,1,0,-2,-1,-1,TRUE,-1,-3,1,-3,0,0,-2,0
6321f7d6c6ac04faf8457752,post,0.29411764705882354,social,control,1,0,-2,-1,1,FALSE,-1,-3,1,-3,0,0,-2,0
63222311994c6e4c35bb2a55,post,0.3333333333333333,social,control,1,0,-2,-1,1,FALSE,-1,-3,1,-3,0,0,-2,0
63222311994c6e4c35bb2a55,pre,0.2,social,control,1,0,-2,-1,-1,TRUE,-1,-3,1,-3,0,0,-2,0
63233c0dcc6251e8eb052337,pre,0.3333333333333333,social,control,1,0,-2,-1,-1,TRUE,-1,-3,1,-3,0,0,-2,0
63233c0dcc6251e8eb052337,post,0.375,social,control,1,0,-2,-1,1,FALSE,-1,-3,1,-3,0,0,-2,0
6324284683d17138f6542c76,post,0.2,social,control,1,0,-2,-1,1,FALSE,-1,-3,1,-3,0,0,-2,0
6324284683d17138f6542c76,pre,0.4,social,control,1,0,-2,-1,-1,TRUE,-1,-3,1,-3,0,0,-2,0
632527ed5dd9eaa904310df0,pre,0.25,social,control,1,0,-2,-1,-1,TRUE,-1,-3,1,-3,0,0,-2,0
632527ed5dd9eaa904310df0,post,0.4444444444444444,social,control,1,0,-2,-1,1,FALSE,-1,-3,1,-3,0,0,-2,0
63287ad5135c90330b584dae,post,0.1111111111111111,social,control,1,0,-2,-1,1,FALSE,-1,-3,1,-3,0,0,-2,0
63287ad5135c90330b584dae,pre,0.3333333333333333,social,control,1,0,-2,-1,-1,TRUE,-1,-3,1,-3,0,0,-2,0
63287ca99005ae9738a9077e,pre,0.3333333333333333,social,control,1,0,-2,-1,-1,TRUE,-1,-3,1,-3,0,0,-2,0
63287ca99005ae9738a9077e,post,0.45454545454545453,social,control,1,0,-2,-1,1,FALSE,-1,-3,1,-3,0,0,-2,0
6328c8fc2c3b92ddbfc8f15d,pre,0.2857142857142857,social,control,1,0,-2,-1,-1,TRUE,-1,-3,1,-3,0,0,-2,0
6328c8fc2c3b92ddbfc8f15d,post,0.4,social,control,1,0,-2,-1,1,FALSE,-1,-3,1,-3,0,0,-2,0
6329c13285c93cafdf51ed77,pre,0.8,social,control,1,0,-2,-1,-1,TRUE,-1,-3,1,-3,0,0,-2,0
6329c13285c93cafdf51ed77,post,0.26666666666666666,social,control,1,0,-2,-1,1,FALSE,-1,-3,1,-3,0,0,-2,0
6329fdc463a3aaa398e82348,pre,0.14285714285714285,social,control,1,0,-2,-1,-1,TRUE,-1,-3,1,-3,0,0,-2,0
6329fdc463a3aaa398e82348,post,0.3125,social,control,1,0,-2,-1,1,FALSE,-1,-3,1,-3,0,0,-2,0
632a55ec20348fa9e5caaa3f,pre,0.36363636363636365,social,control,1,0,-2,-1,-1,TRUE,-1,-3,1,-3,0,0,-2,0
632a55ec20348fa9e5caaa3f,post,0.2631578947368421,social,control,1,0,-2,-1,1,FALSE,-1,-3,1,-3,0,0,-2,0
632b18d867a58a7f951db67d,post,0.3333333333333333,social,control,1,0,-2,-1,1,FALSE,-1,-3,1,-3,0,0,-2,0
632b18d867a58a7f951db67d,pre,0.375,social,control,1,0,-2,-1,-1,TRUE,-1,-3,1,-3,0,0,-2,0
632b21ce03008aff6a4314b6,post,0.47368421052631576,social,control,1,0,-2,-1,1,FALSE,-1,-3,1,-3,0,0,-2,0
632b21ce03008aff6a4314b6,pre,0.3333333333333333,social,control,1,0,-2,-1,-1,TRUE,-1,-3,1,-3,0,0,-2,0
632b50404cbe3e320fd7da08,pre,0.2,social,control,1,0,-2,-1,-1,TRUE,-1,-3,1,-3,0,0,-2,0
632b50404cbe3e320fd7da08,post,0.1111111111111111,social,control,1,0,-2,-1,1,FALSE,-1,-3,1,-3,0,0,-2,0
632be0bcdec1f14421c64dc2,pre,0.42857142857142855,social,control,1,0,-2,-1,-1,TRUE,-1,-3,1,-3,0,0,-2,0
632be0bcdec1f14421c64dc2,post,0.375,social,control,1,0,-2,-1,1,FALSE,-1,-3,1,-3,0,0,-2,0
632c211dcdf6a137b26dfdce,pre,0.5,social,control,1,0,-2,-1,-1,TRUE,-1,-3,1,-3,0,0,-2,0
632c211dcdf6a137b26dfdce,post,0.3333333333333333,social,control,1,0,-2,-1,1,FALSE,-1,-3,1,-3,0,0,-2,0
632c78dac01ee4ebd60f742c,pre,0.16666666666666666,social,control,1,0,-2,-1,-1,TRUE,-1,-3,1,-3,0,0,-2,0
632c78dac01ee4ebd60f742c,post,0.35714285714285715,social,control,1,0,-2,-1,1,FALSE,-1,-3,1,-3,0,0,-2,0
632dccba9a7ede8486ed750e,pre,0.42857142857142855,social,control,1,0,-2,-1,-1,TRUE,-1,-3,1,-3,0,0,-2,0
632dccba9a7ede8486ed750e,post,0.5,social,control,1,0,-2,-1,1,FALSE,-1,-3,1,-3,0,0,-2,0
6331c0edf884420f63e5f107,post,0.3076923076923077,social,control,1,0,-2,-1,1,FALSE,-1,-3,1,-3,0,0,-2,0
6331c0edf884420f63e5f107,pre,0.42857142857142855,social,control,1,0,-2,-1,-1,TRUE,-1,-3,1,-3,0,0,-2,0
633266bf68544440fd064f94,post,0.5,social,control,1,0,-2,-1,1,FALSE,-1,-3,1,-3,0,0,-2,0
633266bf68544440fd064f94,pre,0.16666666666666666,social,control,1,0,-2,-1,-1,TRUE,-1,-3,1,-3,0,0,-2,0
63336dff6d3a7057baf48933,pre,0.36363636363636365,social,control,1,0,-2,-1,-1,TRUE,-1,-3,1,-3,0,0,-2,0
63336dff6d3a7057baf48933,post,0.23076923076923078,social,control,1,0,-2,-1,1,FALSE,-1,-3,1,-3,0,0,-2,0
633485c40e46cf7e9a2f2ca1,post,0.3888888888888889,social,control,1,0,-2,-1,1,FALSE,-1,-3,1,-3,0,0,-2,0
633485c40e46cf7e9a2f2ca1,pre,0.2,social,control,1,0,-2,-1,-1,TRUE,-1,-3,1,-3,0,0,-2,0
6334d2b8c0f64bc537f7048e,pre,0.2857142857142857,social,control,1,0,-2,-1,-1,TRUE,-1,-3,1,-3,0,0,-2,0
6334d2b8c0f64bc537f7048e,post,0.36363636363636365,social,control,1,0,-2,-1,1,FALSE,-1,-3,1,-3,0,0,-2,0
6334d869011b16ac13de3546,post,0.2857142857142857,social,control,1,0,-2,-1,1,FALSE,-1,-3,1,-3,0,0,-2,0
6334d869011b16ac13de3546,pre,0.4444444444444444,social,control,1,0,-2,-1,-1,TRUE,-1,-3,1,-3,0,0,-2,0
633509666f828118081b0277,pre,0.8333333333333334,social,control,1,0,-2,-1,-1,TRUE,-1,-3,1,-3,0,0,-2,0
633509666f828118081b0277,post,0.6,social,control,1,0,-2,-1,1,FALSE,-1,-3,1,-3,0,0,-2,0
633594d6aba62966268053d4,post,0.5,social,control,1,0,-2,-1,1,FALSE,-1,-3,1,-3,0,0,-2,0
633594d6aba62966268053d4,pre,0.6,social,control,1,0,-2,-1,-1,TRUE,-1,-3,1,-3,0,0,-2,0
633628106c44d5d8d54813f5,pre,0.375,social,control,1,0,-2,-1,-1,TRUE,-1,-3,1,-3,0,0,-2,0
633628106c44d5d8d54813f5,post,0.4,social,control,1,0,-2,-1,1,FALSE,-1,-3,1,-3,0,0,-2,0
63368510b84b0dad9010ee44,pre,0.2857142857142857,social,control,1,0,-2,-1,-1,TRUE,-1,-3,1,-3,0,0,-2,0
63368510b84b0dad9010ee44,post,0.2,social,control,1,0,-2,-1,1,FALSE,-1,-3,1,-3,0,0,-2,0
6336cc276aa0d8c7ca48c95d,pre,0.8333333333333334,social,control,1,0,-2,-1,-1,TRUE,-1,-3,1,-3,0,0,-2,0
6336cc276aa0d8c7ca48c95d,post,0.5555555555555556,social,control,1,0,-2,-1,1,FALSE,-1,-3,1,-3,0,0,-2,0
633771aad3cc89b3f422cc59,pre,0.25,social,control,1,0,-2,-1,-1,TRUE,-1,-3,1,-3,0,0,-2,0
633771aad3cc89b3f422cc59,post,0.4666666666666667,social,control,1,0,-2,-1,1,FALSE,-1,-3,1,-3,0,0,-2,0
63377c1a895dea12dbca7115,pre,0.125,social,control,1,0,-2,-1,-1,TRUE,-1,-3,1,-3,0,0,-2,0
63377c1a895dea12dbca7115,post,0.5454545454545454,social,control,1,0,-2,-1,1,FALSE,-1,-3,1,-3,0,0,-2,0
633873653886ad9a20c82e98,pre,0.2857142857142857,social,control,1,0,-2,-1,-1,TRUE,-1,-3,1,-3,0,0,-2,0
633873653886ad9a20c82e98,post,0.5238095238095238,social,control,1,0,-2,-1,1,FALSE,-1,-3,1,-3,0,0,-2,0
57d714de813eb30001825ac4,pre,0.25,task,control,1,0,-2,1,-1,TRUE,-1,-3,1,-3,0,0,0,2
57d714de813eb30001825ac4,post,0.2,task,control,1,0,-2,1,1,FALSE,-1,-3,1,-3,0,0,0,2
595ba4c4e0a6a00001ed576c,post,0.25,task,control,1,0,-2,1,1,FALSE,-1,-3,1,-3,0,0,0,2
595ba4c4e0a6a00001ed576c,pre,0.2,task,control,1,0,-2,1,-1,TRUE,-1,-3,1,-3,0,0,0,2
59ba7072b06d2b0001583e33,post,0.4166666666666667,task,control,1,0,-2,1,1,FALSE,-1,-3,1,-3,0,0,0,2
59ba7072b06d2b0001583e33,pre,0.2857142857142857,task,control,1,0,-2,1,-1,TRUE,-1,-3,1,-3,0,0,0,2
5b214ff965753400017af117,post,0.2727272727272727,task,control,1,0,-2,1,1,FALSE,-1,-3,1,-3,0,0,0,2
5b214ff965753400017af117,pre,0.4,task,control,1,0,-2,1,-1,TRUE,-1,-3,1,-3,0,0,0,2
5c6c741af9a2ce00015b234f,post,0.2222222222222222,task,control,1,0,-2,1,1,FALSE,-1,-3,1,-3,0,0,0,2
5c6c741af9a2ce00015b234f,pre,0.25,task,control,1,0,-2,1,-1,TRUE,-1,-3,1,-3,0,0,0,2
5ed4fae1f87c7202ebf7e4df,post,0.36363636363636365,task,control,1,0,-2,1,1,FALSE,-1,-3,1,-3,0,0,0,2
5ed4fae1f87c7202ebf7e4df,pre,0.2,task,control,1,0,-2,1,-1,TRUE,-1,-3,1,-3,0,0,0,2
5f4767eacf343600083dc9bb,post,0.14285714285714285,task,control,1,0,-2,1,1,FALSE,-1,-3,1,-3,0,0,0,2
5f4767eacf343600083dc9bb,pre,0.42857142857142855,task,control,1,0,-2,1,-1,TRUE,-1,-3,1,-3,0,0,0,2
60b04e683d6b452132801b3c,pre,0.2222222222222222,task,control,1,0,-2,1,-1,TRUE,-1,-3,1,-3,0,0,0,2
60b04e683d6b452132801b3c,post,0.6666666666666666,task,control,1,0,-2,1,1,FALSE,-1,-3,1,-3,0,0,0,2
60df600d4d82e048f751a54c,post,0.2857142857142857,task,control,1,0,-2,1,1,FALSE,-1,-3,1,-3,0,0,0,2
60df600d4d82e048f751a54c,pre,0.375,task,control,1,0,-2,1,-1,TRUE,-1,-3,1,-3,0,0,0,2
611cec2555871659373496f4,post,0.7,task,control,1,0,-2,1,1,FALSE,-1,-3,1,-3,0,0,0,2
611cec2555871659373496f4,pre,0.3333333333333333,task,control,1,0,-2,1,-1,TRUE,-1,-3,1,-3,0,0,0,2
611cf4538007dd646dda4dd0,post,0.45,task,control,1,0,-2,1,1,FALSE,-1,-3,1,-3,0,0,0,2
611cf4538007dd646dda4dd0,pre,0.3,task,control,1,0,-2,1,-1,TRUE,-1,-3,1,-3,0,0,0,2
611d1b971507f56dddaa5844,pre,0.3333333333333333,task,control,1,0,-2,1,-1,TRUE,-1,-3,1,-3,0,0,0,2
611d1b971507f56dddaa5844,post,0.23076923076923078,task,control,1,0,-2,1,1,FALSE,-1,-3,1,-3,0,0,0,2
613715731695194acbd97803,pre,0.2222222222222222,task,control,1,0,-2,1,-1,TRUE,-1,-3,1,-3,0,0,0,2
613715731695194acbd97803,post,0.2777777777777778,task,control,1,0,-2,1,1,FALSE,-1,-3,1,-3,0,0,0,2
613f440f813903053ddfcd0e,post,1,task,control,1,0,-2,1,1,FALSE,-1,-3,1,-3,0,0,0,2
613f440f813903053ddfcd0e,pre,0.2857142857142857,task,control,1,0,-2,1,-1,TRUE,-1,-3,1,-3,0,0,0,2
614b11393c5fb132671f02e8,post,0.5,task,control,1,0,-2,1,1,FALSE,-1,-3,1,-3,0,0,0,2
614b11393c5fb132671f02e8,pre,0.5,task,control,1,0,-2,1,-1,TRUE,-1,-3,1,-3,0,0,0,2
614e79538497fb73c13121bb,post,0.375,task,control,1,0,-2,1,1,FALSE,-1,-3,1,-3,0,0,0,2
614e79538497fb73c13121bb,pre,0.36363636363636365,task,control,1,0,-2,1,-1,TRUE,-1,-3,1,-3,0,0,0,2
615417e112e74c34b28642bc,post,0.5,task,control,1,0,-2,1,1,FALSE,-1,-3,1,-3,0,0,0,2
615417e112e74c34b28642bc,pre,0.2,task,control,1,0,-2,1,-1,TRUE,-1,-3,1,-3,0,0,0,2
615c11bf1ff408683aa99d98,pre,0.5,task,control,1,0,-2,1,-1,TRUE,-1,-3,1,-3,0,0,0,2
615c11bf1ff408683aa99d98,post,0.3076923076923077,task,control,1,0,-2,1,1,FALSE,-1,-3,1,-3,0,0,0,2
615dfb61f608b9a7b6fa5cd6,pre,0.5,task,control,1,0,-2,1,-1,TRUE,-1,-3,1,-3,0,0,0,2
615dfb61f608b9a7b6fa5cd6,post,0.25,task,control,1,0,-2,1,1,FALSE,-1,-3,1,-3,0,0,0,2
616a20144af71eaa541988ca,pre,0.2,task,control,1,0,-2,1,-1,TRUE,-1,-3,1,-3,0,0,0,2
616a20144af71eaa541988ca,post,0.5,task,control,1,0,-2,1,1,FALSE,-1,-3,1,-3,0,0,0,2
6228eeaa5e24ca01a6773e7a,post,0.18181818181818182,task,control,1,0,-2,1,1,FALSE,-1,-3,1,-3,0,0,0,2
6228eeaa5e24ca01a6773e7a,pre,0.4444444444444444,task,control,1,0,-2,1,-1,TRUE,-1,-3,1,-3,0,0,0,2
628f6f85d192d1fee0014ef0,post,0.2,task,control,1,0,-2,1,1,FALSE,-1,-3,1,-3,0,0,0,2
628f6f85d192d1fee0014ef0,pre,0.14285714285714285,task,control,1,0,-2,1,-1,TRUE,-1,-3,1,-3,0,0,0,2
62a2f5450f26f2d53e87c929,post,0.5,task,control,1,0,-2,1,1,FALSE,-1,-3,1,-3,0,0,0,2
62a2f5450f26f2d53e87c929,pre,0.2857142857142857,task,control,1,0,-2,1,-1,TRUE,-1,-3,1,-3,0,0,0,2
62aca800bec2fc96104cf0e7,pre,0.3333333333333333,task,control,1,0,-2,1,-1,TRUE,-1,-3,1,-3,0,0,0,2
62aca800bec2fc96104cf0e7,post,0.2727272727272727,task,control,1,0,-2,1,1,FALSE,-1,-3,1,-3,0,0,0,2
62acab3e45cf33cb2904dcdf,post,0.3076923076923077,task,control,1,0,-2,1,1,FALSE,-1,-3,1,-3,0,0,0,2
62acab3e45cf33cb2904dcdf,pre,0.2,task,control,1,0,-2,1,-1,TRUE,-1,-3,1,-3,0,0,0,2
62b185493c9bf8fb7b22f06b,pre,0.4,task,control,1,0,-2,1,-1,TRUE,-1,-3,1,-3,0,0,0,2
62b185493c9bf8fb7b22f06b,post,0.2727272727272727,task,control,1,0,-2,1,1,FALSE,-1,-3,1,-3,0,0,0,2
62b19be8961623dd34beb971,post,0.5,task,control,1,0,-2,1,1,FALSE,-1,-3,1,-3,0,0,0,2
62b19be8961623dd34beb971,pre,0.2,task,control,1,0,-2,1,-1,TRUE,-1,-3,1,-3,0,0,0,2
62c422f86813b3b1043efd2d,post,0.5714285714285714,task,control,1,0,-2,1,1,FALSE,-1,-3,1,-3,0,0,0,2
62c422f86813b3b1043efd2d,pre,0.6666666666666666,task,control,1,0,-2,1,-1,TRUE,-1,-3,1,-3,0,0,0,2
62e959665a7669b351befa43,post,0.3333333333333333,task,control,1,0,-2,1,1,FALSE,-1,-3,1,-3,0,0,0,2
62e959665a7669b351befa43,pre,0.42857142857142855,task,control,1,0,-2,1,-1,TRUE,-1,-3,1,-3,0,0,0,2
62eab0f865b8b4186ec97cd2,post,0.2857142857142857,task,control,1,0,-2,1,1,FALSE,-1,-3,1,-3,0,0,0,2
62eab0f865b8b4186ec97cd2,pre,0.5,task,control,1,0,-2,1,-1,TRUE,-1,-3,1,-3,0,0,0,2
62ecf8d9c08f40353a0cf61d,post,0.26666666666666666,task,control,1,0,-2,1,1,FALSE,-1,-3,1,-3,0,0,0,2
62ecf8d9c08f40353a0cf61d,pre,0.3333333333333333,task,control,1,0,-2,1,-1,TRUE,-1,-3,1,-3,0,0,0,2
62fb7eb177df6c3faae7baba,post,0.8,task,control,1,0,-2,1,1,FALSE,-1,-3,1,-3,0,0,0,2
62fb7eb177df6c3faae7baba,pre,0.2,task,control,1,0,-2,1,-1,TRUE,-1,-3,1,-3,0,0,0,2
62fbbc69991be5aeadfc753f,post,0.375,task,control,1,0,-2,1,1,FALSE,-1,-3,1,-3,0,0,0,2
62fbbc69991be5aeadfc753f,pre,0.3333333333333333,task,control,1,0,-2,1,-1,TRUE,-1,-3,1,-3,0,0,0,2
62fbebce34b6217362ea8b94,post,0.2857142857142857,task,control,1,0,-2,1,1,FALSE,-1,-3,1,-3,0,0,0,2
62fbebce34b6217362ea8b94,pre,0.5,task,control,1,0,-2,1,-1,TRUE,-1,-3,1,-3,0,0,0,2
62fc81823c664037fcb7a128,post,0.14285714285714285,task,control,1,0,-2,1,1,FALSE,-1,-3,1,-3,0,0,0,2
62fc81823c664037fcb7a128,pre,0.16666666666666666,task,control,1,0,-2,1,-1,TRUE,-1,-3,1,-3,0,0,0,2
62fcf3d9948e4a6a9623cce8,pre,0.4,task,control,1,0,-2,1,-1,TRUE,-1,-3,1,-3,0,0,0,2
62fcf3d9948e4a6a9623cce8,post,0.4444444444444444,task,control,1,0,-2,1,1,FALSE,-1,-3,1,-3,0,0,0,2
63050553ce561cc108ba04f2,pre,0.5555555555555556,task,control,1,0,-2,1,-1,TRUE,-1,-3,1,-3,0,0,0,2
63050553ce561cc108ba04f2,post,0.5555555555555556,task,control,1,0,-2,1,1,FALSE,-1,-3,1,-3,0,0,0,2
6310ceffa120ca2c1fbe1d92,post,0.42857142857142855,task,control,1,0,-2,1,1,FALSE,-1,-3,1,-3,0,0,0,2
6310ceffa120ca2c1fbe1d92,pre,0.5,task,control,1,0,-2,1,-1,TRUE,-1,-3,1,-3,0,0,0,2
63114814292f4b1bd61e0635,pre,0.2857142857142857,task,control,1,0,-2,1,-1,TRUE,-1,-3,1,-3,0,0,0,2
63114814292f4b1bd61e0635,post,0.4,task,control,1,0,-2,1,1,FALSE,-1,-3,1,-3,0,0,0,2
6315f9f21cb75d549a9bdfd5,pre,0.4,task,control,1,0,-2,1,-1,TRUE,-1,-3,1,-3,0,0,0,2
6315f9f21cb75d549a9bdfd5,post,0.4444444444444444,task,control,1,0,-2,1,1,FALSE,-1,-3,1,-3,0,0,0,2
63174d47d03561fb60374f44,pre,0.3333333333333333,task,control,1,0,-2,1,-1,TRUE,-1,-3,1,-3,0,0,0,2
63174d47d03561fb60374f44,post,0.2,task,control,1,0,-2,1,1,FALSE,-1,-3,1,-3,0,0,0,2
6317520005044cc1fe663f96,post,0.2222222222222222,task,control,1,0,-2,1,1,FALSE,-1,-3,1,-3,0,0,0,2
6317520005044cc1fe663f96,pre,0.375,task,control,1,0,-2,1,-1,TRUE,-1,-3,1,-3,0,0,0,2
6318b007e04275c19af0dc2d,pre,0.4,task,control,1,0,-2,1,-1,TRUE,-1,-3,1,-3,0,0,0,2
6318b007e04275c19af0dc2d,post,0.2,task,control,1,0,-2,1,1,FALSE,-1,-3,1,-3,0,0,0,2
631a5fde41667c9233dd3fc2,post,0.5,task,control,1,0,-2,1,1,FALSE,-1,-3,1,-3,0,0,0,2
631a5fde41667c9233dd3fc2,pre,0.4,task,control,1,0,-2,1,-1,TRUE,-1,-3,1,-3,0,0,0,2
631b4fa150b96f670defb017,post,0.2,task,control,1,0,-2,1,1,FALSE,-1,-3,1,-3,0,0,0,2
631b4fa150b96f670defb017,pre,0.375,task,control,1,0,-2,1,-1,TRUE,-1,-3,1,-3,0,0,0,2
631b9b0a7dc8574b926433b1,pre,0.2,task,control,1,0,-2,1,-1,TRUE,-1,-3,1,-3,0,0,0,2
631b9b0a7dc8574b926433b1,post,0.8571428571428571,task,control,1,0,-2,1,1,FALSE,-1,-3,1,-3,0,0,0,2
631db394e0e9e27b3d1dbcb7,post,0.45454545454545453,task,control,1,0,-2,1,1,FALSE,-1,-3,1,-3,0,0,0,2
631db394e0e9e27b3d1dbcb7,pre,0.2222222222222222,task,control,1,0,-2,1,-1,TRUE,-1,-3,1,-3,0,0,0,2
631f34e2bf8295f76c0d155b,pre,0.42857142857142855,task,control,1,0,-2,1,-1,TRUE,-1,-3,1,-3,0,0,0,2
631f34e2bf8295f76c0d155b,post,0.7142857142857143,task,control,1,0,-2,1,1,FALSE,-1,-3,1,-3,0,0,0,2
631f801820808d95e250649e,post,0.2857142857142857,task,control,1,0,-2,1,1,FALSE,-1,-3,1,-3,0,0,0,2
631f801820808d95e250649e,pre,0.42857142857142855,task,control,1,0,-2,1,-1,TRUE,-1,-3,1,-3,0,0,0,2
632234566ec4fbef8f277f16,post,0.8260869565217391,task,control,1,0,-2,1,1,FALSE,-1,-3,1,-3,0,0,0,2
632234566ec4fbef8f277f16,pre,0.5714285714285714,task,control,1,0,-2,1,-1,TRUE,-1,-3,1,-3,0,0,0,2
63233ba8fb1a9595c9fae054,post,0.875,task,control,1,0,-2,1,1,FALSE,-1,-3,1,-3,0,0,0,2
63233ba8fb1a9595c9fae054,pre,0.4,task,control,1,0,-2,1,-1,TRUE,-1,-3,1,-3,0,0,0,2
6323871af24c02d8bfb205f5,pre,0.3333333333333333,task,control,1,0,-2,1,-1,TRUE,-1,-3,1,-3,0,0,0,2
6323871af24c02d8bfb205f5,post,0.18181818181818182,task,control,1,0,-2,1,1,FALSE,-1,-3,1,-3,0,0,0,2
6328470ba6695228a968fb48,pre,0.125,task,control,1,0,-2,1,-1,TRUE,-1,-3,1,-3,0,0,0,2
6328470ba6695228a968fb48,post,0.3076923076923077,task,control,1,0,-2,1,1,FALSE,-1,-3,1,-3,0,0,0,2
63289e2301cc4b040882cd2d,pre,0.2,task,control,1,0,-2,1,-1,TRUE,-1,-3,1,-3,0,0,0,2
63289e2301cc4b040882cd2d,post,0.2222222222222222,task,control,1,0,-2,1,1,FALSE,-1,-3,1,-3,0,0,0,2
6329f56dbd0db25b10d2c695,pre,0.7142857142857143,task,control,1,0,-2,1,-1,TRUE,-1,-3,1,-3,0,0,0,2
6329f56dbd0db25b10d2c695,post,0.625,task,control,1,0,-2,1,1,FALSE,-1,-3,1,-3,0,0,0,2
632ab708d83cdfcafa433244,post,0.2,task,control,1,0,-2,1,1,FALSE,-1,-3,1,-3,0,0,0,2
632ab708d83cdfcafa433244,pre,0.2222222222222222,task,control,1,0,-2,1,-1,TRUE,-1,-3,1,-3,0,0,0,2
632b2ee5040676c518c64dc3,post,0.5,task,control,1,0,-2,1,1,FALSE,-1,-3,1,-3,0,0,0,2
632b2ee5040676c518c64dc3,pre,0.5,task,control,1,0,-2,1,-1,TRUE,-1,-3,1,-3,0,0,0,2
632ce476a385c50bd3fab4fb,pre,0.2,task,control,1,0,-2,1,-1,TRUE,-1,-3,1,-3,0,0,0,2
632ce476a385c50bd3fab4fb,post,0.375,task,control,1,0,-2,1,1,FALSE,-1,-3,1,-3,0,0,0,2
632de9f6318fff97bef3f38e,pre,0.16666666666666666,task,control,1,0,-2,1,-1,TRUE,-1,-3,1,-3,0,0,0,2
632de9f6318fff97bef3f38e,post,0.3076923076923077,task,control,1,0,-2,1,1,FALSE,-1,-3,1,-3,0,0,0,2
632e4dd92354aff52ab0d5fd,pre,0.3333333333333333,task,control,1,0,-2,1,-1,TRUE,-1,-3,1,-3,0,0,0,2
632e4dd92354aff52ab0d5fd,post,0.3076923076923077,task,control,1,0,-2,1,1,FALSE,-1,-3,1,-3,0,0,0,2
632ebd63c0f4260fadd1398d,pre,0.5,task,control,1,0,-2,1,-1,TRUE,-1,-3,1,-3,0,0,0,2
632ebd63c0f4260fadd1398d,post,0.2222222222222222,task,control,1,0,-2,1,1,FALSE,-1,-3,1,-3,0,0,0,2
633217f7959f1b7381064f93,post,0.2,task,control,1,0,-2,1,1,FALSE,-1,-3,1,-3,0,0,0,2
633217f7959f1b7381064f93,pre,0.16666666666666666,task,control,1,0,-2,1,-1,TRUE,-1,-3,1,-3,0,0,0,2
633259075c2d3571332bdae7,pre,0.2857142857142857,task,control,1,0,-2,1,-1,TRUE,-1,-3,1,-3,0,0,0,2
633259075c2d3571332bdae7,post,0.2857142857142857,task,control,1,0,-2,1,1,FALSE,-1,-3,1,-3,0,0,0,2
63331a02f1f5bf54d8e7429c,pre,0.2,task,control,1,0,-2,1,-1,TRUE,-1,-3,1,-3,0,0,0,2
63331a02f1f5bf54d8e7429c,post,0.75,task,control,1,0,-2,1,1,FALSE,-1,-3,1,-3,0,0,0,2
6333657a797e9a2d19d4efd5,pre,0.3333333333333333,task,control,1,0,-2,1,-1,TRUE,-1,-3,1,-3,0,0,0,2
6333657a797e9a2d19d4efd5,post,0.25,task,control,1,0,-2,1,1,FALSE,-1,-3,1,-3,0,0,0,2
633374cc6bf2cd6a94bf942a,pre,0.5,task,control,1,0,-2,1,-1,TRUE,-1,-3,1,-3,0,0,0,2
633374cc6bf2cd6a94bf942a,post,0.6666666666666666,task,control,1,0,-2,1,1,FALSE,-1,-3,1,-3,0,0,0,2
6333c1f5756acfabfde457ed,pre,0.2,task,control,1,0,-2,1,-1,TRUE,-1,-3,1,-3,0,0,0,2
6333c1f5756acfabfde457ed,post,0.16666666666666666,task,control,1,0,-2,1,1,FALSE,-1,-3,1,-3,0,0,0,2
6334a1c38620ecd7e61b0305,pre,0.5,task,control,1,0,-2,1,-1,TRUE,-1,-3,1,-3,0,0,0,2
6334a1c38620ecd7e61b0305,post,0.4444444444444444,task,control,1,0,-2,1,1,FALSE,-1,-3,1,-3,0,0,0,2
6334ba6a61103a44f8f9ca58,pre,0.375,task,control,1,0,-2,1,-1,TRUE,-1,-3,1,-3,0,0,0,2
6334ba6a61103a44f8f9ca58,post,0.14285714285714285,task,control,1,0,-2,1,1,FALSE,-1,-3,1,-3,0,0,0,2
6334bab0035dd9a9d5841a6e,pre,0.2,task,control,1,0,-2,1,-1,TRUE,-1,-3,1,-3,0,0,0,2
6334bab0035dd9a9d5841a6e,post,0.2,task,control,1,0,-2,1,1,FALSE,-1,-3,1,-3,0,0,0,2
6334d0f3641406b117af4236,pre,0.4,task,control,1,0,-2,1,-1,TRUE,-1,-3,1,-3,0,0,0,2
6334d0f3641406b117af4236,post,0.2,task,control,1,0,-2,1,1,FALSE,-1,-3,1,-3,0,0,0,2
6337c2c21e350de4df1661bf,pre,0.2,task,control,1,0,-2,1,-1,TRUE,-1,-3,1,-3,0,0,0,2
6337c2c21e350de4df1661bf,post,0.2,task,control,1,0,-2,1,1,FALSE,-1,-3,1,-3,0,0,0,2
6337cba5cbed8cb3514a6504,pre,0.2222222222222222,task,control,1,0,-2,1,-1,TRUE,-1,-3,1,-3,0,0,0,2
6337cba5cbed8cb3514a6504,post,0.75,task,control,1,0,-2,1,1,FALSE,-1,-3,1,-3,0,0,0,2
585ea063aff49500017b8aeb,pre,0.2,social,low,1,-1,1,-1,-1,TRUE,-2,0,0,0,-1,3,-2,0
585ea063aff49500017b8aeb,post,0.3,social,low,1,-1,1,-1,1,FALSE,-2,0,0,0,-1,3,-2,0
5c6b434f9fcc230001237065,pre,0.5,social,low,1,-1,1,-1,-1,TRUE,-2,0,0,0,-1,3,-2,0
5c6b434f9fcc230001237065,post,0.5263157894736842,social,low,1,-1,1,-1,1,FALSE,-2,0,0,0,-1,3,-2,0
5d5e7239b7d7040019afaf33,post,0.3,social,low,1,-1,1,-1,1,FALSE,-2,0,0,0,-1,3,-2,0
5d5e7239b7d7040019afaf33,pre,0.3333333333333333,social,low,1,-1,1,-1,-1,TRUE,-2,0,0,0,-1,3,-2,0
5d608398b1fd3000011f333d,pre,0.42857142857142855,social,low,1,-1,1,-1,-1,TRUE,-2,0,0,0,-1,3,-2,0
5d608398b1fd3000011f333d,post,0.5,social,low,1,-1,1,-1,1,FALSE,-2,0,0,0,-1,3,-2,0
5d6be36fbc8c8900188d72c0,pre,0.2857142857142857,social,low,1,-1,1,-1,-1,TRUE,-2,0,0,0,-1,3,-2,0
5d6be36fbc8c8900188d72c0,post,0.3,social,low,1,-1,1,-1,1,FALSE,-2,0,0,0,-1,3,-2,0
5e5c2320b22c133f86923d14,post,0.9090909090909091,social,low,1,-1,1,-1,1,FALSE,-2,0,0,0,-1,3,-2,0
5e5c2320b22c133f86923d14,pre,0.6,social,low,1,-1,1,-1,-1,TRUE,-2,0,0,0,-1,3,-2,0
5e6bc2a60b970305c92e52c8,pre,0.6,social,low,1,-1,1,-1,-1,TRUE,-2,0,0,0,-1,3,-2,0
5e6bc2a60b970305c92e52c8,post,0.3,social,low,1,-1,1,-1,1,FALSE,-2,0,0,0,-1,3,-2,0
5eb818259eb7cb7576240f77,post,0.375,social,low,1,-1,1,-1,1,FALSE,-2,0,0,0,-1,3,-2,0
5eb818259eb7cb7576240f77,pre,0.25,social,low,1,-1,1,-1,-1,TRUE,-2,0,0,0,-1,3,-2,0
5f00bae5b424381e2962d5cf,post,0.6363636363636364,social,low,1,-1,1,-1,1,FALSE,-2,0,0,0,-1,3,-2,0
5f00bae5b424381e2962d5cf,pre,0.5555555555555556,social,low,1,-1,1,-1,-1,TRUE,-2,0,0,0,-1,3,-2,0
5f5b10bd9f8bd921f4eb4dcf,pre,0.42857142857142855,social,low,1,-1,1,-1,-1,TRUE,-2,0,0,0,-1,3,-2,0
5f5b10bd9f8bd921f4eb4dcf,post,0.23809523809523808,social,low,1,-1,1,-1,1,FALSE,-2,0,0,0,-1,3,-2,0
5fbe213e8dc3502bef6765d0,pre,0.3076923076923077,social,low,1,-1,1,-1,-1,TRUE,-2,0,0,0,-1,3,-2,0
5fbe213e8dc3502bef6765d0,post,0.29411764705882354,social,low,1,-1,1,-1,1,FALSE,-2,0,0,0,-1,3,-2,0
5fecaa50f4e233e5a4ae1d5d,post,0.625,social,low,1,-1,1,-1,1,FALSE,-2,0,0,0,-1,3,-2,0
5fecaa50f4e233e5a4ae1d5d,pre,0.3333333333333333,social,low,1,-1,1,-1,-1,TRUE,-2,0,0,0,-1,3,-2,0
5ff48ac68fd71dba8aab240c,pre,0.2,social,low,1,-1,1,-1,-1,TRUE,-2,0,0,0,-1,3,-2,0
5ff48ac68fd71dba8aab240c,post,0.2222222222222222,social,low,1,-1,1,-1,1,FALSE,-2,0,0,0,-1,3,-2,0
60dd6c2758f1afc1477ce004,post,0.5714285714285714,social,low,1,-1,1,-1,1,FALSE,-2,0,0,0,-1,3,-2,0
60dd6c2758f1afc1477ce004,pre,0.5454545454545454,social,low,1,-1,1,-1,-1,TRUE,-2,0,0,0,-1,3,-2,0
60fd2c8b8f4550801323ab90,post,0.4,social,low,1,-1,1,-1,1,FALSE,-2,0,0,0,-1,3,-2,0
60fd2c8b8f4550801323ab90,pre,0.5833333333333334,social,low,1,-1,1,-1,-1,TRUE,-2,0,0,0,-1,3,-2,0
60fd3f17bd101ef87037e693,post,0.38461538461538464,social,low,1,-1,1,-1,1,FALSE,-2,0,0,0,-1,3,-2,0
60fd3f17bd101ef87037e693,pre,0.3333333333333333,social,low,1,-1,1,-1,-1,TRUE,-2,0,0,0,-1,3,-2,0
610a90af26a4894235f103e1,post,0.16666666666666666,social,low,1,-1,1,-1,1,FALSE,-2,0,0,0,-1,3,-2,0
610a90af26a4894235f103e1,pre,0.6363636363636364,social,low,1,-1,1,-1,-1,TRUE,-2,0,0,0,-1,3,-2,0
6113a04dceb98d2f4aff1949,pre,0.4,social,low,1,-1,1,-1,-1,TRUE,-2,0,0,0,-1,3,-2,0
6113a04dceb98d2f4aff1949,post,0.19047619047619047,social,low,1,-1,1,-1,1,FALSE,-2,0,0,0,-1,3,-2,0
613673726f0c4c8b3f90c504,post,0.9285714285714286,social,low,1,-1,1,-1,1,FALSE,-2,0,0,0,-1,3,-2,0
613673726f0c4c8b3f90c504,pre,0.8571428571428571,social,low,1,-1,1,-1,-1,TRUE,-2,0,0,0,-1,3,-2,0
6151e869bbe178ca320c9fdd,post,0.4,social,low,1,-1,1,-1,1,FALSE,-2,0,0,0,-1,3,-2,0
6151e869bbe178ca320c9fdd,pre,0.16666666666666666,social,low,1,-1,1,-1,-1,TRUE,-2,0,0,0,-1,3,-2,0
6159c996acc67bb70a8aa452,pre,0.45454545454545453,social,low,1,-1,1,-1,-1,TRUE,-2,0,0,0,-1,3,-2,0
6159c996acc67bb70a8aa452,post,0.45454545454545453,social,low,1,-1,1,-1,1,FALSE,-2,0,0,0,-1,3,-2,0
615a28e91237428f0cf174ce,post,0.35294117647058826,social,low,1,-1,1,-1,1,FALSE,-2,0,0,0,-1,3,-2,0
615a28e91237428f0cf174ce,pre,0.4,social,low,1,-1,1,-1,-1,TRUE,-2,0,0,0,-1,3,-2,0
615de43bdbb329b4f4ac953b,pre,0.4166666666666667,social,low,1,-1,1,-1,-1,TRUE,-2,0,0,0,-1,3,-2,0
615de43bdbb329b4f4ac953b,post,0.25,social,low,1,-1,1,-1,1,FALSE,-2,0,0,0,-1,3,-2,0
616522f5b550e2b76126d732,pre,0.6,social,low,1,-1,1,-1,-1,TRUE,-2,0,0,0,-1,3,-2,0
616522f5b550e2b76126d732,post,0.6842105263157895,social,low,1,-1,1,-1,1,FALSE,-2,0,0,0,-1,3,-2,0
616c07f3a9ce210cef820ff1,post,0.5,social,low,1,-1,1,-1,1,FALSE,-2,0,0,0,-1,3,-2,0
616c07f3a9ce210cef820ff1,pre,0.25,social,low,1,-1,1,-1,-1,TRUE,-2,0,0,0,-1,3,-2,0
627400ac8505cb353a91e13f,pre,0.4,social,low,1,-1,1,-1,-1,TRUE,-2,0,0,0,-1,3,-2,0
627400ac8505cb353a91e13f,post,0.4444444444444444,social,low,1,-1,1,-1,1,FALSE,-2,0,0,0,-1,3,-2,0
6286dd428929293b746714da,post,0.42857142857142855,social,low,1,-1,1,-1,1,FALSE,-2,0,0,0,-1,3,-2,0
6286dd428929293b746714da,pre,0.3333333333333333,social,low,1,-1,1,-1,-1,TRUE,-2,0,0,0,-1,3,-2,0
628b8f5a60999c08d5c6d0f0,pre,0.5,social,low,1,-1,1,-1,-1,TRUE,-2,0,0,0,-1,3,-2,0
628b8f5a60999c08d5c6d0f0,post,0.5,social,low,1,-1,1,-1,1,FALSE,-2,0,0,0,-1,3,-2,0
62d672561e7a4b097b40e2eb,pre,0.6,social,low,1,-1,1,-1,-1,TRUE,-2,0,0,0,-1,3,-2,0
62d672561e7a4b097b40e2eb,post,0.5,social,low,1,-1,1,-1,1,FALSE,-2,0,0,0,-1,3,-2,0
62d6f1cde250aa22a9b27dad,post,0.36363636363636365,social,low,1,-1,1,-1,1,FALSE,-2,0,0,0,-1,3,-2,0
62d6f1cde250aa22a9b27dad,pre,0.25,social,low,1,-1,1,-1,-1,TRUE,-2,0,0,0,-1,3,-2,0
62db8d54cbf2c99507f01875,post,0.2,social,low,1,-1,1,-1,1,FALSE,-2,0,0,0,-1,3,-2,0
62db8d54cbf2c99507f01875,pre,0.5,social,low,1,-1,1,-1,-1,TRUE,-2,0,0,0,-1,3,-2,0
62e3c6ed4917b3c0c816ccf0,post,0.42857142857142855,social,low,1,-1,1,-1,1,FALSE,-2,0,0,0,-1,3,-2,0
62e3c6ed4917b3c0c816ccf0,pre,0.5,social,low,1,-1,1,-1,-1,TRUE,-2,0,0,0,-1,3,-2,0
62e6c5ab5de25b65b7e7b18f,post,0.3333333333333333,social,low,1,-1,1,-1,1,FALSE,-2,0,0,0,-1,3,-2,0
62e6c5ab5de25b65b7e7b18f,pre,0.3333333333333333,social,low,1,-1,1,-1,-1,TRUE,-2,0,0,0,-1,3,-2,0
62e94dcac7e2b0e5abe4ac5b,post,0.3333333333333333,social,low,1,-1,1,-1,1,FALSE,-2,0,0,0,-1,3,-2,0
62e94dcac7e2b0e5abe4ac5b,pre,0.42857142857142855,social,low,1,-1,1,-1,-1,TRUE,-2,0,0,0,-1,3,-2,0
62ea3c696ff8c92834e7151a,post,0.4444444444444444,social,low,1,-1,1,-1,1,FALSE,-2,0,0,0,-1,3,-2,0
62ea3c696ff8c92834e7151a,pre,0.4,social,low,1,-1,1,-1,-1,TRUE,-2,0,0,0,-1,3,-2,0
62f3cd4e93e70be127b6cbd4,post,0.25,social,low,1,-1,1,-1,1,FALSE,-2,0,0,0,-1,3,-2,0
62f3cd4e93e70be127b6cbd4,pre,0.25,social,low,1,-1,1,-1,-1,TRUE,-2,0,0,0,-1,3,-2,0
62f6bdefe4df5ba89b45f2f4,post,0.5,social,low,1,-1,1,-1,1,FALSE,-2,0,0,0,-1,3,-2,0
62f6bdefe4df5ba89b45f2f4,pre,0.5,social,low,1,-1,1,-1,-1,TRUE,-2,0,0,0,-1,3,-2,0
62fbb29b2ed8224d75d7357f,post,0.42857142857142855,social,low,1,-1,1,-1,1,FALSE,-2,0,0,0,-1,3,-2,0
62fbb29b2ed8224d75d7357f,pre,0.2857142857142857,social,low,1,-1,1,-1,-1,TRUE,-2,0,0,0,-1,3,-2,0
62febe0369e21823075f60fd,pre,0.3333333333333333,social,low,1,-1,1,-1,-1,TRUE,-2,0,0,0,-1,3,-2,0
62febe0369e21823075f60fd,post,0.36363636363636365,social,low,1,-1,1,-1,1,FALSE,-2,0,0,0,-1,3,-2,0
6307a60f9142d2c42021840d,post,0.3,social,low,1,-1,1,-1,1,FALSE,-2,0,0,0,-1,3,-2,0
6307a60f9142d2c42021840d,pre,0.4,social,low,1,-1,1,-1,-1,TRUE,-2,0,0,0,-1,3,-2,0
6308aa19f88737eb79da25c7,post,0.4166666666666667,social,low,1,-1,1,-1,1,FALSE,-2,0,0,0,-1,3,-2,0
6308aa19f88737eb79da25c7,pre,0.4,social,low,1,-1,1,-1,-1,TRUE,-2,0,0,0,-1,3,-2,0
630c91cd908257acdc821340,pre,0.25,social,low,1,-1,1,-1,-1,TRUE,-2,0,0,0,-1,3,-2,0
630c91cd908257acdc821340,post,0.2,social,low,1,-1,1,-1,1,FALSE,-2,0,0,0,-1,3,-2,0
63135d347d3e7ec24874523e,post,0.2,social,low,1,-1,1,-1,1,FALSE,-2,0,0,0,-1,3,-2,0
63135d347d3e7ec24874523e,pre,0.375,social,low,1,-1,1,-1,-1,TRUE,-2,0,0,0,-1,3,-2,0
631391a8bd6c211d074ef5f6,pre,0.1,social,low,1,-1,1,-1,-1,TRUE,-2,0,0,0,-1,3,-2,0
631391a8bd6c211d074ef5f6,post,0.38461538461538464,social,low,1,-1,1,-1,1,FALSE,-2,0,0,0,-1,3,-2,0
6315fa242250e8f5e09ffd65,post,0.3333333333333333,social,low,1,-1,1,-1,1,FALSE,-2,0,0,0,-1,3,-2,0
6315fa242250e8f5e09ffd65,pre,0.7142857142857143,social,low,1,-1,1,-1,-1,TRUE,-2,0,0,0,-1,3,-2,0
6317b7a699896d5d934ef262,pre,0.16666666666666666,social,low,1,-1,1,-1,-1,TRUE,-2,0,0,0,-1,3,-2,0
6317b7a699896d5d934ef262,post,0.5,social,low,1,-1,1,-1,1,FALSE,-2,0,0,0,-1,3,-2,0
6318f71ece2f523f840e1eee,post,0.16666666666666666,social,low,1,-1,1,-1,1,FALSE,-2,0,0,0,-1,3,-2,0
6318f71ece2f523f840e1eee,pre,0.5833333333333334,social,low,1,-1,1,-1,-1,TRUE,-2,0,0,0,-1,3,-2,0
631900b3f9eea28e1e9303c5,pre,0.25,social,low,1,-1,1,-1,-1,TRUE,-2,0,0,0,-1,3,-2,0
631900b3f9eea28e1e9303c5,post,0.2,social,low,1,-1,1,-1,1,FALSE,-2,0,0,0,-1,3,-2,0
6319d2917be81f9803f60065,pre,0.5,social,low,1,-1,1,-1,-1,TRUE,-2,0,0,0,-1,3,-2,0
6319d2917be81f9803f60065,post,0.5,social,low,1,-1,1,-1,1,FALSE,-2,0,0,0,-1,3,-2,0
631a0fe0eb6a5b8c1f501d22,post,0.47368421052631576,social,low,1,-1,1,-1,1,FALSE,-2,0,0,0,-1,3,-2,0
631a0fe0eb6a5b8c1f501d22,pre,0.4,social,low,1,-1,1,-1,-1,TRUE,-2,0,0,0,-1,3,-2,0
631c6da9dbd102a839408110,post,0.2222222222222222,social,low,1,-1,1,-1,1,FALSE,-2,0,0,0,-1,3,-2,0
631c6da9dbd102a839408110,pre,0.16666666666666666,social,low,1,-1,1,-1,-1,TRUE,-2,0,0,0,-1,3,-2,0
631ef9664e8a78fedee6e4bc,post,0.3333333333333333,social,low,1,-1,1,-1,1,FALSE,-2,0,0,0,-1,3,-2,0
631ef9664e8a78fedee6e4bc,pre,0.4,social,low,1,-1,1,-1,-1,TRUE,-2,0,0,0,-1,3,-2,0
631f672393132c9703b81a00,post,0.2857142857142857,social,low,1,-1,1,-1,1,FALSE,-2,0,0,0,-1,3,-2,0
631f672393132c9703b81a00,pre,0.3333333333333333,social,low,1,-1,1,-1,-1,TRUE,-2,0,0,0,-1,3,-2,0
631f70ff417ef35d65a3c5dc,post,0.8,social,low,1,-1,1,-1,1,FALSE,-2,0,0,0,-1,3,-2,0
631f70ff417ef35d65a3c5dc,pre,0.5714285714285714,social,low,1,-1,1,-1,-1,TRUE,-2,0,0,0,-1,3,-2,0
63219da0f459b1f2e5e0f3bf,post,0.6923076923076923,social,low,1,-1,1,-1,1,FALSE,-2,0,0,0,-1,3,-2,0
63219da0f459b1f2e5e0f3bf,pre,0.5,social,low,1,-1,1,-1,-1,TRUE,-2,0,0,0,-1,3,-2,0
6321d720056f6ee4563a7fd9,post,0.6363636363636364,social,low,1,-1,1,-1,1,FALSE,-2,0,0,0,-1,3,-2,0
6321d720056f6ee4563a7fd9,pre,0.2857142857142857,social,low,1,-1,1,-1,-1,TRUE,-2,0,0,0,-1,3,-2,0
6321da5de806efad3e53163f,post,0.3,social,low,1,-1,1,-1,1,FALSE,-2,0,0,0,-1,3,-2,0
6321da5de806efad3e53163f,pre,0.3333333333333333,social,low,1,-1,1,-1,-1,TRUE,-2,0,0,0,-1,3,-2,0
63233b6cfc33c42fb00e3d9b,post,0.3333333333333333,social,low,1,-1,1,-1,1,FALSE,-2,0,0,0,-1,3,-2,0
63233b6cfc33c42fb00e3d9b,pre,0.5,social,low,1,-1,1,-1,-1,TRUE,-2,0,0,0,-1,3,-2,0
63234fefe5521a944420a20f,pre,0.5,social,low,1,-1,1,-1,-1,TRUE,-2,0,0,0,-1,3,-2,0
63234fefe5521a944420a20f,post,0.5714285714285714,social,low,1,-1,1,-1,1,FALSE,-2,0,0,0,-1,3,-2,0
6323c66923b89b0a73b205c7,post,0.3333333333333333,social,low,1,-1,1,-1,1,FALSE,-2,0,0,0,-1,3,-2,0
6323c66923b89b0a73b205c7,pre,0.3,social,low,1,-1,1,-1,-1,TRUE,-2,0,0,0,-1,3,-2,0
6324f68a288c712fe51b6b85,post,0.3333333333333333,social,low,1,-1,1,-1,1,FALSE,-2,0,0,0,-1,3,-2,0
6324f68a288c712fe51b6b85,pre,0.375,social,low,1,-1,1,-1,-1,TRUE,-2,0,0,0,-1,3,-2,0
6326eb330841b43a680facba,pre,0.25,social,low,1,-1,1,-1,-1,TRUE,-2,0,0,0,-1,3,-2,0
6326eb330841b43a680facba,post,0.4,social,low,1,-1,1,-1,1,FALSE,-2,0,0,0,-1,3,-2,0
63287b0f0a164e8c1e00fd89,post,0.4,social,low,1,-1,1,-1,1,FALSE,-2,0,0,0,-1,3,-2,0
63287b0f0a164e8c1e00fd89,pre,0.3333333333333333,social,low,1,-1,1,-1,-1,TRUE,-2,0,0,0,-1,3,-2,0
63287c5738d3cd1d3c0fac96,pre,0.4,social,low,1,-1,1,-1,-1,TRUE,-2,0,0,0,-1,3,-2,0
63287c5738d3cd1d3c0fac96,post,1,social,low,1,-1,1,-1,1,FALSE,-2,0,0,0,-1,3,-2,0
6328853a493d9fffba5467e9,post,0.35714285714285715,social,low,1,-1,1,-1,1,FALSE,-2,0,0,0,-1,3,-2,0
6328853a493d9fffba5467e9,pre,0.16666666666666666,social,low,1,-1,1,-1,-1,TRUE,-2,0,0,0,-1,3,-2,0
632890876b6124c7a15d06f6,pre,0.5,social,low,1,-1,1,-1,-1,TRUE,-2,0,0,0,-1,3,-2,0
632890876b6124c7a15d06f6,post,0.3333333333333333,social,low,1,-1,1,-1,1,FALSE,-2,0,0,0,-1,3,-2,0
6328a5ff47ae9ce2d100fd70,post,1,social,low,1,-1,1,-1,1,FALSE,-2,0,0,0,-1,3,-2,0
6328a5ff47ae9ce2d100fd70,pre,0.6666666666666666,social,low,1,-1,1,-1,-1,TRUE,-2,0,0,0,-1,3,-2,0
6329bc8f80d4501faf9bbdc6,pre,0.2857142857142857,social,low,1,-1,1,-1,-1,TRUE,-2,0,0,0,-1,3,-2,0
6329bc8f80d4501faf9bbdc6,post,0.25,social,low,1,-1,1,-1,1,FALSE,-2,0,0,0,-1,3,-2,0
6329d18df45522430325b72b,pre,0.3333333333333333,social,low,1,-1,1,-1,-1,TRUE,-2,0,0,0,-1,3,-2,0
6329d18df45522430325b72b,post,0.4444444444444444,social,low,1,-1,1,-1,1,FALSE,-2,0,0,0,-1,3,-2,0
632b19a12e685b61f1ac6508,pre,0.5714285714285714,social,low,1,-1,1,-1,-1,TRUE,-2,0,0,0,-1,3,-2,0
632b19a12e685b61f1ac6508,post,0.3,social,low,1,-1,1,-1,1,FALSE,-2,0,0,0,-1,3,-2,0
632cd6651987b49a58f32174,pre,0.5,social,low,1,-1,1,-1,-1,TRUE,-2,0,0,0,-1,3,-2,0
632cd6651987b49a58f32174,post,0.2222222222222222,social,low,1,-1,1,-1,1,FALSE,-2,0,0,0,-1,3,-2,0
633269945a8ecf3b15b9a23c,post,0.2222222222222222,social,low,1,-1,1,-1,1,FALSE,-2,0,0,0,-1,3,-2,0
633269945a8ecf3b15b9a23c,pre,0.6,social,low,1,-1,1,-1,-1,TRUE,-2,0,0,0,-1,3,-2,0
6332f319aafd10d4a7ef0f5d,pre,0.14285714285714285,social,low,1,-1,1,-1,-1,TRUE,-2,0,0,0,-1,3,-2,0
6332f319aafd10d4a7ef0f5d,post,0.4,social,low,1,-1,1,-1,1,FALSE,-2,0,0,0,-1,3,-2,0
6333d0e49c950d47d16db114,post,0.6363636363636364,social,low,1,-1,1,-1,1,FALSE,-2,0,0,0,-1,3,-2,0
6333d0e49c950d47d16db114,pre,0.7142857142857143,social,low,1,-1,1,-1,-1,TRUE,-2,0,0,0,-1,3,-2,0
6334f074d8c62dca5081e66c,pre,0.125,social,low,1,-1,1,-1,-1,TRUE,-2,0,0,0,-1,3,-2,0
6334f074d8c62dca5081e66c,post,0.125,social,low,1,-1,1,-1,1,FALSE,-2,0,0,0,-1,3,-2,0
63383dd38c42e5c07d4da8f3,pre,0.2,social,low,1,-1,1,-1,-1,TRUE,-2,0,0,0,-1,3,-2,0
63383dd38c42e5c07d4da8f3,post,0.75,social,low,1,-1,1,-1,1,FALSE,-2,0,0,0,-1,3,-2,0
633897629c2d1bbec55c547a,pre,0.2,social,low,1,-1,1,-1,-1,TRUE,-2,0,0,0,-1,3,-2,0
633897629c2d1bbec55c547a,post,0.42857142857142855,social,low,1,-1,1,-1,1,FALSE,-2,0,0,0,-1,3,-2,0
6338d5c4fd06661d52c7205a,pre,0.3333333333333333,social,low,1,-1,1,-1,-1,TRUE,-2,0,0,0,-1,3,-2,0
6338d5c4fd06661d52c7205a,post,0.21428571428571427,social,low,1,-1,1,-1,1,FALSE,-2,0,0,0,-1,3,-2,0
6338f26f1bde727267f1f369,pre,0.5714285714285714,social,low,1,-1,1,-1,-1,TRUE,-2,0,0,0,-1,3,-2,0
6338f26f1bde727267f1f369,post,0.125,social,low,1,-1,1,-1,1,FALSE,-2,0,0,0,-1,3,-2,0
56b43607c54e3c000d3c9b0b,pre,0.2222222222222222,task,low,1,-1,1,1,-1,TRUE,-2,0,0,0,-1,3,0,2
56b43607c54e3c000d3c9b0b,post,0.6363636363636364,task,low,1,-1,1,1,1,FALSE,-2,0,0,0,-1,3,0,2
58dcfe010674970001e928e5,post,0.3333333333333333,task,low,1,-1,1,1,1,FALSE,-2,0,0,0,-1,3,0,2
58dcfe010674970001e928e5,pre,0.5714285714285714,task,low,1,-1,1,1,-1,TRUE,-2,0,0,0,-1,3,0,2
59baa339ab8d830001fe56f5,pre,0.42857142857142855,task,low,1,-1,1,1,-1,TRUE,-2,0,0,0,-1,3,0,2
59baa339ab8d830001fe56f5,post,0.16666666666666666,task,low,1,-1,1,1,1,FALSE,-2,0,0,0,-1,3,0,2
59e6780277860e0001512e91,post,0.4166666666666667,task,low,1,-1,1,1,1,FALSE,-2,0,0,0,-1,3,0,2
59e6780277860e0001512e91,pre,0.2857142857142857,task,low,1,-1,1,1,-1,TRUE,-2,0,0,0,-1,3,0,2
5accc0ef99835c00015e9ae4,pre,0.375,task,low,1,-1,1,1,-1,TRUE,-2,0,0,0,-1,3,0,2
5accc0ef99835c00015e9ae4,post,0.3333333333333333,task,low,1,-1,1,1,1,FALSE,-2,0,0,0,-1,3,0,2
5d65adbc37b513001adb9026,post,0.5714285714285714,task,low,1,-1,1,1,1,FALSE,-2,0,0,0,-1,3,0,2
5d65adbc37b513001adb9026,pre,0.3333333333333333,task,low,1,-1,1,1,-1,TRUE,-2,0,0,0,-1,3,0,2
5e4dbd43241965214890f12b,post,0.15384615384615385,task,low,1,-1,1,1,1,FALSE,-2,0,0,0,-1,3,0,2
5e4dbd43241965214890f12b,pre,0.3333333333333333,task,low,1,-1,1,1,-1,TRUE,-2,0,0,0,-1,3,0,2
5e96937b1776f510b3e33548,pre,0.3333333333333333,task,low,1,-1,1,1,-1,TRUE,-2,0,0,0,-1,3,0,2
5e96937b1776f510b3e33548,post,0.3333333333333333,task,low,1,-1,1,1,1,FALSE,-2,0,0,0,-1,3,0,2
5eb71c59c55b3b0ce571ae7c,pre,0.5714285714285714,task,low,1,-1,1,1,-1,TRUE,-2,0,0,0,-1,3,0,2
5eb71c59c55b3b0ce571ae7c,post,0.6923076923076923,task,low,1,-1,1,1,1,FALSE,-2,0,0,0,-1,3,0,2
5ebb644795baab13a8efae56,post,0.4166666666666667,task,low,1,-1,1,1,1,FALSE,-2,0,0,0,-1,3,0,2
5ebb644795baab13a8efae56,pre,0.25,task,low,1,-1,1,1,-1,TRUE,-2,0,0,0,-1,3,0,2
5f171cfd110a3f02d20bd6f1,pre,0.5555555555555556,task,low,1,-1,1,1,-1,TRUE,-2,0,0,0,-1,3,0,2
5f171cfd110a3f02d20bd6f1,post,0.4090909090909091,task,low,1,-1,1,1,1,FALSE,-2,0,0,0,-1,3,0,2
5f287130777e0f1942035b44,post,0.2,task,low,1,-1,1,1,1,FALSE,-2,0,0,0,-1,3,0,2
5f287130777e0f1942035b44,pre,0.1,task,low,1,-1,1,1,-1,TRUE,-2,0,0,0,-1,3,0,2
6071c4ebefd10cd6daeb04b6,post,0.2,task,low,1,-1,1,1,1,FALSE,-2,0,0,0,-1,3,0,2
6071c4ebefd10cd6daeb04b6,pre,0.2,task,low,1,-1,1,1,-1,TRUE,-2,0,0,0,-1,3,0,2
609e6f89e048d11d93f2de88,pre,0.3333333333333333,task,low,1,-1,1,1,-1,TRUE,-2,0,0,0,-1,3,0,2
609e6f89e048d11d93f2de88,post,0.4166666666666667,task,low,1,-1,1,1,1,FALSE,-2,0,0,0,-1,3,0,2
60f588ede6fa94e5c2c3c537,post,0.35714285714285715,task,low,1,-1,1,1,1,FALSE,-2,0,0,0,-1,3,0,2
60f588ede6fa94e5c2c3c537,pre,0.5,task,low,1,-1,1,1,-1,TRUE,-2,0,0,0,-1,3,0,2
60f9c9f9fa119dcf1c09eb71,post,0.4444444444444444,task,low,1,-1,1,1,1,FALSE,-2,0,0,0,-1,3,0,2
60f9c9f9fa119dcf1c09eb71,pre,0.35714285714285715,task,low,1,-1,1,1,-1,TRUE,-2,0,0,0,-1,3,0,2
60fcef169a4226a0ffba6647,post,0.2,task,low,1,-1,1,1,1,FALSE,-2,0,0,0,-1,3,0,2
60fcef169a4226a0ffba6647,pre,0.2857142857142857,task,low,1,-1,1,1,-1,TRUE,-2,0,0,0,-1,3,0,2
6103c67b314659464db2fce1,post,0.125,task,low,1,-1,1,1,1,FALSE,-2,0,0,0,-1,3,0,2
6103c67b314659464db2fce1,pre,0.25,task,low,1,-1,1,1,-1,TRUE,-2,0,0,0,-1,3,0,2
610ec7664a222d374f2b6d4c,post,0.3333333333333333,task,low,1,-1,1,1,1,FALSE,-2,0,0,0,-1,3,0,2
610ec7664a222d374f2b6d4c,pre,0.42857142857142855,task,low,1,-1,1,1,-1,TRUE,-2,0,0,0,-1,3,0,2
611d241fa69355ccc0d5727c,post,0.5384615384615384,task,low,1,-1,1,1,1,FALSE,-2,0,0,0,-1,3,0,2
611d241fa69355ccc0d5727c,pre,0.3333333333333333,task,low,1,-1,1,1,-1,TRUE,-2,0,0,0,-1,3,0,2
611e5cf48465fa454bea211f,post,0.391304347826087,task,low,1,-1,1,1,1,FALSE,-2,0,0,0,-1,3,0,2
611e5cf48465fa454bea211f,pre,0.4444444444444444,task,low,1,-1,1,1,-1,TRUE,-2,0,0,0,-1,3,0,2
61218912f99ccc610d296467,post,0.5,task,low,1,-1,1,1,1,FALSE,-2,0,0,0,-1,3,0,2
61218912f99ccc610d296467,pre,0.6,task,low,1,-1,1,1,-1,TRUE,-2,0,0,0,-1,3,0,2
6139790d08843ce109e3b1c0,post,0.4782608695652174,task,low,1,-1,1,1,1,FALSE,-2,0,0,0,-1,3,0,2
6139790d08843ce109e3b1c0,pre,0.375,task,low,1,-1,1,1,-1,TRUE,-2,0,0,0,-1,3,0,2
614831813dc412ccc8e2f563,pre,0.25,task,low,1,-1,1,1,-1,TRUE,-2,0,0,0,-1,3,0,2
614831813dc412ccc8e2f563,post,0.36363636363636365,task,low,1,-1,1,1,1,FALSE,-2,0,0,0,-1,3,0,2
61536886dc63e2f34a487b68,pre,0.8333333333333334,task,low,1,-1,1,1,-1,TRUE,-2,0,0,0,-1,3,0,2
61536886dc63e2f34a487b68,post,1,task,low,1,-1,1,1,1,FALSE,-2,0,0,0,-1,3,0,2
615b99ac8b5345058aad8054,post,0.46153846153846156,task,low,1,-1,1,1,1,FALSE,-2,0,0,0,-1,3,0,2
615b99ac8b5345058aad8054,pre,0.75,task,low,1,-1,1,1,-1,TRUE,-2,0,0,0,-1,3,0,2
6166f5dc85996974eb3c1c9b,pre,0.25,task,low,1,-1,1,1,-1,TRUE,-2,0,0,0,-1,3,0,2
6166f5dc85996974eb3c1c9b,post,0.4117647058823529,task,low,1,-1,1,1,1,FALSE,-2,0,0,0,-1,3,0,2
6286e7a5ba5ac9753739e844,post,0.2857142857142857,task,low,1,-1,1,1,1,FALSE,-2,0,0,0,-1,3,0,2
6286e7a5ba5ac9753739e844,pre,0.375,task,low,1,-1,1,1,-1,TRUE,-2,0,0,0,-1,3,0,2
6290004d6f98c447612e6dae,post,0.2727272727272727,task,low,1,-1,1,1,1,FALSE,-2,0,0,0,-1,3,0,2
6290004d6f98c447612e6dae,pre,0.75,task,low,1,-1,1,1,-1,TRUE,-2,0,0,0,-1,3,0,2
6294d95d860be3c92c3c6235,pre,0.4,task,low,1,-1,1,1,-1,TRUE,-2,0,0,0,-1,3,0,2
6294d95d860be3c92c3c6235,post,0.25,task,low,1,-1,1,1,1,FALSE,-2,0,0,0,-1,3,0,2
62a1a8aed028757f35b9e69d,pre,0.375,task,low,1,-1,1,1,-1,TRUE,-2,0,0,0,-1,3,0,2
62a1a8aed028757f35b9e69d,post,0.4444444444444444,task,low,1,-1,1,1,1,FALSE,-2,0,0,0,-1,3,0,2
62aa27e89a9056e51ea772a0,pre,0.42857142857142855,task,low,1,-1,1,1,-1,TRUE,-2,0,0,0,-1,3,0,2
62aa27e89a9056e51ea772a0,post,0.25,task,low,1,-1,1,1,1,FALSE,-2,0,0,0,-1,3,0,2
62b2510090c080a481c2c8ef,pre,0.5,task,low,1,-1,1,1,-1,TRUE,-2,0,0,0,-1,3,0,2
62b2510090c080a481c2c8ef,post,0.2222222222222222,task,low,1,-1,1,1,1,FALSE,-2,0,0,0,-1,3,0,2
62b33f31b0440f944d1cb84e,post,0.25,task,low,1,-1,1,1,1,FALSE,-2,0,0,0,-1,3,0,2
62b33f31b0440f944d1cb84e,pre,0.2857142857142857,task,low,1,-1,1,1,-1,TRUE,-2,0,0,0,-1,3,0,2
62b9ba2953841a320b05288f,pre,0.5,task,low,1,-1,1,1,-1,TRUE,-2,0,0,0,-1,3,0,2
62b9ba2953841a320b05288f,post,0.125,task,low,1,-1,1,1,1,FALSE,-2,0,0,0,-1,3,0,2
62c4223a1f32b720c8f30148,post,0.3333333333333333,task,low,1,-1,1,1,1,FALSE,-2,0,0,0,-1,3,0,2
62c4223a1f32b720c8f30148,pre,0.3333333333333333,task,low,1,-1,1,1,-1,TRUE,-2,0,0,0,-1,3,0,2
62c5d300ffd69e45bfc98e68,post,0.25,task,low,1,-1,1,1,1,FALSE,-2,0,0,0,-1,3,0,2
62c5d300ffd69e45bfc98e68,pre,0.14285714285714285,task,low,1,-1,1,1,-1,TRUE,-2,0,0,0,-1,3,0,2
62cdaf188176d6e3b44a20b5,post,0.5,task,low,1,-1,1,1,1,FALSE,-2,0,0,0,-1,3,0,2
62cdaf188176d6e3b44a20b5,pre,0.2857142857142857,task,low,1,-1,1,1,-1,TRUE,-2,0,0,0,-1,3,0,2
62cdbdb9d56bf136193dfcbd,post,0.36363636363636365,task,low,1,-1,1,1,1,FALSE,-2,0,0,0,-1,3,0,2
62cdbdb9d56bf136193dfcbd,pre,0.5,task,low,1,-1,1,1,-1,TRUE,-2,0,0,0,-1,3,0,2
62d0509bc3275e5a8f5a0838,pre,0.14285714285714285,task,low,1,-1,1,1,-1,TRUE,-2,0,0,0,-1,3,0,2
62d0509bc3275e5a8f5a0838,post,0.2,task,low,1,-1,1,1,1,FALSE,-2,0,0,0,-1,3,0,2
62d5190553ff72686dbdedb0,pre,0.3333333333333333,task,low,1,-1,1,1,-1,TRUE,-2,0,0,0,-1,3,0,2
62d5190553ff72686dbdedb0,post,0.4,task,low,1,-1,1,1,1,FALSE,-2,0,0,0,-1,3,0,2
62d6d9a39d752880ab650dbb,post,0.3333333333333333,task,low,1,-1,1,1,1,FALSE,-2,0,0,0,-1,3,0,2
62d6d9a39d752880ab650dbb,pre,0.4,task,low,1,-1,1,1,-1,TRUE,-2,0,0,0,-1,3,0,2
62ea843e75f5a1f4ea60ac81,pre,0.2857142857142857,task,low,1,-1,1,1,-1,TRUE,-2,0,0,0,-1,3,0,2
62ea843e75f5a1f4ea60ac81,post,0.375,task,low,1,-1,1,1,1,FALSE,-2,0,0,0,-1,3,0,2
62ea84d41e834ec50d48fe99,post,0.4,task,low,1,-1,1,1,1,FALSE,-2,0,0,0,-1,3,0,2
62ea84d41e834ec50d48fe99,pre,0.14285714285714285,task,low,1,-1,1,1,-1,TRUE,-2,0,0,0,-1,3,0,2
62f249e65dda65000b6ced21,post,0.3076923076923077,task,low,1,-1,1,1,1,FALSE,-2,0,0,0,-1,3,0,2
62f249e65dda65000b6ced21,pre,0.25,task,low,1,-1,1,1,-1,TRUE,-2,0,0,0,-1,3,0,2
62f79d3e7a0a3d8d31ff6b10,post,0.2857142857142857,task,low,1,-1,1,1,1,FALSE,-2,0,0,0,-1,3,0,2
62f79d3e7a0a3d8d31ff6b10,pre,0.2727272727272727,task,low,1,-1,1,1,-1,TRUE,-2,0,0,0,-1,3,0,2
62fcc899bc9ddbb0bb40aef3,post,0.2857142857142857,task,low,1,-1,1,1,1,FALSE,-2,0,0,0,-1,3,0,2
62fcc899bc9ddbb0bb40aef3,pre,0.2857142857142857,task,low,1,-1,1,1,-1,TRUE,-2,0,0,0,-1,3,0,2
63010e5fa236b6ce559049ea,post,0.375,task,low,1,-1,1,1,1,FALSE,-2,0,0,0,-1,3,0,2
63010e5fa236b6ce559049ea,pre,0.25,task,low,1,-1,1,1,-1,TRUE,-2,0,0,0,-1,3,0,2
63018db701af1e167b01eaef,pre,0.16666666666666666,task,low,1,-1,1,1,-1,TRUE,-2,0,0,0,-1,3,0,2
63018db701af1e167b01eaef,post,0.3333333333333333,task,low,1,-1,1,1,1,FALSE,-2,0,0,0,-1,3,0,2
6304db4577830d43f42d4d26,post,0.14285714285714285,task,low,1,-1,1,1,1,FALSE,-2,0,0,0,-1,3,0,2
6304db4577830d43f42d4d26,pre,0.5,task,low,1,-1,1,1,-1,TRUE,-2,0,0,0,-1,3,0,2
6310a8e0d72a3c6ce936e3c6,pre,0.16666666666666666,task,low,1,-1,1,1,-1,TRUE,-2,0,0,0,-1,3,0,2
6310a8e0d72a3c6ce936e3c6,post,1,task,low,1,-1,1,1,1,FALSE,-2,0,0,0,-1,3,0,2
631148d247d48c82414384a3,post,0.3076923076923077,task,low,1,-1,1,1,1,FALSE,-2,0,0,0,-1,3,0,2
631148d247d48c82414384a3,pre,0.2,task,low,1,-1,1,1,-1,TRUE,-2,0,0,0,-1,3,0,2
631455d20ca3bfbf45640f4a,post,0.2,task,low,1,-1,1,1,1,FALSE,-2,0,0,0,-1,3,0,2
631455d20ca3bfbf45640f4a,pre,0.36363636363636365,task,low,1,-1,1,1,-1,TRUE,-2,0,0,0,-1,3,0,2
63164e19697fd37dc0201ea3,pre,0.2857142857142857,task,low,1,-1,1,1,-1,TRUE,-2,0,0,0,-1,3,0,2
63164e19697fd37dc0201ea3,post,0.14285714285714285,task,low,1,-1,1,1,1,FALSE,-2,0,0,0,-1,3,0,2
63172692591f6b7c1b94af3a,post,0.35,task,low,1,-1,1,1,1,FALSE,-2,0,0,0,-1,3,0,2
63172692591f6b7c1b94af3a,pre,0.4166666666666667,task,low,1,-1,1,1,-1,TRUE,-2,0,0,0,-1,3,0,2
6318b1bcb37cfa82961c6288,pre,0.25,task,low,1,-1,1,1,-1,TRUE,-2,0,0,0,-1,3,0,2
6318b1bcb37cfa82961c6288,post,0.42857142857142855,task,low,1,-1,1,1,1,FALSE,-2,0,0,0,-1,3,0,2
6319408d9b31d430d1a4287e,pre,0.3333333333333333,task,low,1,-1,1,1,-1,TRUE,-2,0,0,0,-1,3,0,2
6319408d9b31d430d1a4287e,post,0.3,task,low,1,-1,1,1,1,FALSE,-2,0,0,0,-1,3,0,2
631a01c239b12c7b5008247d,post,0.4,task,low,1,-1,1,1,1,FALSE,-2,0,0,0,-1,3,0,2
631a01c239b12c7b5008247d,pre,0.375,task,low,1,-1,1,1,-1,TRUE,-2,0,0,0,-1,3,0,2
631a1e8f0880ac8a21d5dc57,pre,0.375,task,low,1,-1,1,1,-1,TRUE,-2,0,0,0,-1,3,0,2
631a1e8f0880ac8a21d5dc57,post,0.5833333333333334,task,low,1,-1,1,1,1,FALSE,-2,0,0,0,-1,3,0,2
631de0db0c716d4fbc70f310,pre,0.2857142857142857,task,low,1,-1,1,1,-1,TRUE,-2,0,0,0,-1,3,0,2
631de0db0c716d4fbc70f310,post,0.2,task,low,1,-1,1,1,1,FALSE,-2,0,0,0,-1,3,0,2
631f3e52174dc4e4047bbdce,post,0.3333333333333333,task,low,1,-1,1,1,1,FALSE,-2,0,0,0,-1,3,0,2
631f3e52174dc4e4047bbdce,pre,0.5714285714285714,task,low,1,-1,1,1,-1,TRUE,-2,0,0,0,-1,3,0,2
631f48e547d93fe73798266c,post,0.125,task,low,1,-1,1,1,1,FALSE,-2,0,0,0,-1,3,0,2
631f48e547d93fe73798266c,pre,0.4444444444444444,task,low,1,-1,1,1,-1,TRUE,-2,0,0,0,-1,3,0,2
63218e2c655f96b6d0433338,post,0.25,task,low,1,-1,1,1,1,FALSE,-2,0,0,0,-1,3,0,2
63218e2c655f96b6d0433338,pre,0.6363636363636364,task,low,1,-1,1,1,-1,TRUE,-2,0,0,0,-1,3,0,2
6321d7263268ae46fd2d906c,pre,0.4,task,low,1,-1,1,1,-1,TRUE,-2,0,0,0,-1,3,0,2
6321d7263268ae46fd2d906c,post,0.4,task,low,1,-1,1,1,1,FALSE,-2,0,0,0,-1,3,0,2
6321dc4d4ca5de1d3a42c244,post,0.5714285714285714,task,low,1,-1,1,1,1,FALSE,-2,0,0,0,-1,3,0,2
6321dc4d4ca5de1d3a42c244,pre,0.3333333333333333,task,low,1,-1,1,1,-1,TRUE,-2,0,0,0,-1,3,0,2
6321ff59375dbbbc438d70ee,post,0.4,task,low,1,-1,1,1,1,FALSE,-2,0,0,0,-1,3,0,2
6321ff59375dbbbc438d70ee,pre,0.2857142857142857,task,low,1,-1,1,1,-1,TRUE,-2,0,0,0,-1,3,0,2
63236238a0f37392710e06aa,post,0.375,task,low,1,-1,1,1,1,FALSE,-2,0,0,0,-1,3,0,2
63236238a0f37392710e06aa,pre,0.42857142857142855,task,low,1,-1,1,1,-1,TRUE,-2,0,0,0,-1,3,0,2
63239f662ede366bfbb12e9f,post,0.42857142857142855,task,low,1,-1,1,1,1,FALSE,-2,0,0,0,-1,3,0,2
63239f662ede366bfbb12e9f,pre,0.6666666666666666,task,low,1,-1,1,1,-1,TRUE,-2,0,0,0,-1,3,0,2
632750037efc7dd0fe0facaa,pre,0.42857142857142855,task,low,1,-1,1,1,-1,TRUE,-2,0,0,0,-1,3,0,2
632750037efc7dd0fe0facaa,post,0.4,task,low,1,-1,1,1,1,FALSE,-2,0,0,0,-1,3,0,2
63287cb2bc83100397e849d9,post,0.5,task,low,1,-1,1,1,1,FALSE,-2,0,0,0,-1,3,0,2
63287cb2bc83100397e849d9,pre,0.375,task,low,1,-1,1,1,-1,TRUE,-2,0,0,0,-1,3,0,2
632881c9c9d70f9b68301367,pre,0.25,task,low,1,-1,1,1,-1,TRUE,-2,0,0,0,-1,3,0,2
632881c9c9d70f9b68301367,post,0.2,task,low,1,-1,1,1,1,FALSE,-2,0,0,0,-1,3,0,2
6328c0dfbd41cab5fd68fb6c,pre,0.2857142857142857,task,low,1,-1,1,1,-1,TRUE,-2,0,0,0,-1,3,0,2
6328c0dfbd41cab5fd68fb6c,post,0.25,task,low,1,-1,1,1,1,FALSE,-2,0,0,0,-1,3,0,2
63291a9bae40ccfc58975d1a,post,0.3333333333333333,task,low,1,-1,1,1,1,FALSE,-2,0,0,0,-1,3,0,2
63291a9bae40ccfc58975d1a,pre,0.375,task,low,1,-1,1,1,-1,TRUE,-2,0,0,0,-1,3,0,2
63295b68c7f77399313821a6,post,0.15384615384615385,task,low,1,-1,1,1,1,FALSE,-2,0,0,0,-1,3,0,2
63295b68c7f77399313821a6,pre,0.3333333333333333,task,low,1,-1,1,1,-1,TRUE,-2,0,0,0,-1,3,0,2
6329b1add3dcd53cb9c9cab8,pre,0.16666666666666666,task,low,1,-1,1,1,-1,TRUE,-2,0,0,0,-1,3,0,2
6329b1add3dcd53cb9c9cab8,post,0.1,task,low,1,-1,1,1,1,FALSE,-2,0,0,0,-1,3,0,2
632aa1271f930bbc655a32d8,post,0.75,task,low,1,-1,1,1,1,FALSE,-2,0,0,0,-1,3,0,2
632aa1271f930bbc655a32d8,pre,0.375,task,low,1,-1,1,1,-1,TRUE,-2,0,0,0,-1,3,0,2
632b5e5528b1189c4b1c55f6,post,0.8333333333333334,task,low,1,-1,1,1,1,FALSE,-2,0,0,0,-1,3,0,2
632b5e5528b1189c4b1c55f6,pre,0.8571428571428571,task,low,1,-1,1,1,-1,TRUE,-2,0,0,0,-1,3,0,2
632e4a1fa11dcc4c6557d281,pre,0.3333333333333333,task,low,1,-1,1,1,-1,TRUE,-2,0,0,0,-1,3,0,2
632e4a1fa11dcc4c6557d281,post,0.3333333333333333,task,low,1,-1,1,1,1,FALSE,-2,0,0,0,-1,3,0,2
6330aa1c7f5f79e3707b7ea6,post,0.38461538461538464,task,low,1,-1,1,1,1,FALSE,-2,0,0,0,-1,3,0,2
6330aa1c7f5f79e3707b7ea6,pre,0.2,task,low,1,-1,1,1,-1,TRUE,-2,0,0,0,-1,3,0,2
63327017d438b78c15985eb5,pre,0.3333333333333333,task,low,1,-1,1,1,-1,TRUE,-2,0,0,0,-1,3,0,2
63327017d438b78c15985eb5,post,0.8888888888888888,task,low,1,-1,1,1,1,FALSE,-2,0,0,0,-1,3,0,2
63327b29d37b53857d0199e2,post,0.125,task,low,1,-1,1,1,1,FALSE,-2,0,0,0,-1,3,0,2
63327b29d37b53857d0199e2,pre,0.3333333333333333,task,low,1,-1,1,1,-1,TRUE,-2,0,0,0,-1,3,0,2
6333514403d8024f6c7e9f47,pre,0.3333333333333333,task,low,1,-1,1,1,-1,TRUE,-2,0,0,0,-1,3,0,2
6333514403d8024f6c7e9f47,post,0.4444444444444444,task,low,1,-1,1,1,1,FALSE,-2,0,0,0,-1,3,0,2
6333a507e85e0b8a172bd2a1,post,0.4,task,low,1,-1,1,1,1,FALSE,-2,0,0,0,-1,3,0,2
6333a507e85e0b8a172bd2a1,pre,0.42857142857142855,task,low,1,-1,1,1,-1,TRUE,-2,0,0,0,-1,3,0,2
6334737c3c49fe229d2eb230,pre,0.5714285714285714,task,low,1,-1,1,1,-1,TRUE,-2,0,0,0,-1,3,0,2
6334737c3c49fe229d2eb230,post,0.5,task,low,1,-1,1,1,1,FALSE,-2,0,0,0,-1,3,0,2
63372a418e03c0fe53c1199e,pre,0.16666666666666666,task,low,1,-1,1,1,-1,TRUE,-2,0,0,0,-1,3,0,2
63372a418e03c0fe53c1199e,post,0.2222222222222222,task,low,1,-1,1,1,1,FALSE,-2,0,0,0,-1,3,0,2
63379bba07708c4109068e19,pre,0.2857142857142857,task,low,1,-1,1,1,-1,TRUE,-2,0,0,0,-1,3,0,2
63379bba07708c4109068e19,post,0.25,task,low,1,-1,1,1,1,FALSE,-2,0,0,0,-1,3,0,2
6337b9604370dd57643b81a0,pre,0.3,task,low,1,-1,1,1,-1,TRUE,-2,0,0,0,-1,3,0,2
6337b9604370dd57643b81a0,post,0.42857142857142855,task,low,1,-1,1,1,1,FALSE,-2,0,0,0,-1,3,0,2
